/word X,/word Y,/BL X,/BL Y,/BL_b X,/BL_b Y,/Q X,/Q Y,/Q_b X,/Q_b Y
0,0,0,1,0,0,0,0.9999999736636993,0,1.532431346096095e-08
1.656585162314332e-11,0,1.656585162314332e-11,0.8343414837685669,1.656585162314332e-11,0.1656585162314332,1.656585162314332e-11,0.9983850263666449,1.656585162314332e-11,0.0003202300720950545
3.049568554729647e-11,0,3.049568554729647e-11,0.6950431445270353,3.049568554729647e-11,0.3049568554729647,3.049568554729647e-11,0.9978953829743763,3.049568554729647e-11,0.0003329474535943237
4.916504833478336e-11,0,4.916504833478336e-11,0.5083495166521664,4.916504833478336e-11,0.4916504833478336,4.916504833478336e-11,0.9974441211435843,4.916504833478336e-11,0.0003065994328997711
6.556056839736914e-11,0,6.556056839736914e-11,0.3443943160263087,6.556056839736914e-11,0.6556056839736913,6.556056839736914e-11,0.9972777070532137,6.556056839736914e-11,0.0002973759354643817
8.278028419868458e-11,0,8.278028419868458e-11,0.1721971580131543,8.278028419868458e-11,0.8278028419868457,8.278028419868458e-11,0.9876104022871703,8.278028419868458e-11,-5.337193347232407e-05
1e-10,0,1e-10,0,1e-10,1,1e-10,0.8889440626948798,1e-10,-0.002600119287581359
1.012920704173408e-10,0,1.012920704173408e-10,0,1.012920704173408e-10,1,1.012920704173408e-10,0.8838925155874351,1.012920704173408e-10,-0.001930069878120187
1.038762112520223e-10,0,1.038762112520223e-10,0,1.038762112520223e-10,1,1.038762112520223e-10,0.8788949838203376,1.038762112520223e-10,-0.000497268705541665
1.090444929213853e-10,0,1.090444929213853e-10,0,1.090444929213853e-10,1,1.090444929213853e-10,0.8775554856375239,1.090444929213853e-10,0.0004369974371611451
1.180339363360222e-10,0,1.180339363360222e-10,0,1.180339363360222e-10,1,1.180339363360222e-10,0.8792338193848367,1.180339363360222e-10,-9.682481405072155e-05
1.290859184547393e-10,0,1.290859184547393e-10,0,1.290859184547393e-10,1,1.290859184547393e-10,0.8789453175260363,1.290859184547393e-10,-0.0001025241456245416
1.511898826921735e-10,0,1.511898826921735e-10,0,1.511898826921735e-10,1,1.511898826921735e-10,0.8778087204107515,1.511898826921735e-10,9.987767860725845e-05
1.917785724406363e-10,0,1.917785724406363e-10,0,1.917785724406363e-10,1,1.917785724406363e-10,0.8785345854322694,1.917785724406363e-10,5.912104607956646e-05
2.72955951937562e-10,0,2.72955951937562e-10,0,2.72955951937562e-10,1,2.72955951937562e-10,0.8786685358208591,2.72955951937562e-10,1.992298350497616e-05
3.958197963617522e-10,0,3.958197963617522e-10,0,3.958197963617522e-10,1,3.958197963617522e-10,0.8783868437290592,3.958197963617522e-10,3.795245544835673e-05
6.415474852101328e-10,0,6.415474852101328e-10,0,6.415474852101328e-10,1,6.415474852101328e-10,0.8780715622854907,6.415474852101328e-10,4.203905942289733e-05
1.133002862906894e-09,0,1.133002862906894e-09,0,1.133002862906894e-09,1,1.133002862906894e-09,0.8782076997791564,1.133002862906894e-09,4.146808933009206e-05
1.766501431453447e-09,0,1.766501431453447e-09,0,1.766501431453447e-09,1,1.766501431453447e-09,0.8782619436653923,1.766501431453447e-09,4.044392158215971e-05
2.4e-09,0,2.4e-09,0,2.4e-09,1,2.4e-09,0.8782097125850895,2.4e-09,4.091313581279011e-05
2.412500000000001e-09,0.2500000000000022,2.412500000000001e-09,0,2.412500000000001e-09,1,2.412500000000001e-09,0.8768069393784615,2.412500000000001e-09,0.0006197799513346585
2.431250000000001e-09,0.6250000000000056,2.431250000000001e-09,0,2.431250000000001e-09,1,2.431250000000001e-09,0.8441042977783756,2.431250000000001e-09,0.01480529481571302
2.45e-09,1,2.45e-09,0,2.45e-09,1,2.45e-09,0.6750521767649562,2.45e-09,0.06409672716991929
2.455096730634553e-09,1,2.455096730634553e-09,0,2.455096730634553e-09,1,2.455096730634553e-09,0.6263720155044286,2.455096730634553e-09,0.0831432174773999
2.465290191903659e-09,1,2.465290191903659e-09,0,2.465290191903659e-09,1,2.465290191903659e-09,0.5395045884588752,2.465290191903659e-09,0.1539975815523612
2.473953220681063e-09,1,2.473953220681063e-09,0,2.473953220681063e-09,1,2.473953220681063e-09,0.417434891886316,2.473953220681063e-09,0.3220893274899327
2.476647341311756e-09,1,2.476647341311756e-09,0,2.476647341311756e-09,1,2.476647341311756e-09,0.3588555049064484,2.476647341311756e-09,0.3914431069855605
2.482035582573141e-09,1,2.482035582573141e-09,0,2.482035582573141e-09,1,2.482035582573141e-09,0.1448586466128727,2.482035582573141e-09,0.5620156489266545
2.483621887087945e-09,1,2.483621887087945e-09,0,2.483621887087945e-09,1,2.483621887087945e-09,0.07599005389211322,2.483621887087945e-09,0.6228175458228519
2.486681462200626e-09,1,2.486681462200626e-09,0,2.486681462200626e-09,1,2.486681462200626e-09,0.02245642127307604,2.486681462200626e-09,0.7471977512440564
2.490050416991559e-09,1,2.490050416991559e-09,0,2.490050416991559e-09,1,2.490050416991559e-09,0.009692943972354706,2.490050416991559e-09,0.8620939627336677
2.493101445564455e-09,1,2.493101445564455e-09,0,2.493101445564455e-09,1,2.493101445564455e-09,0.005139006778023189,2.493101445564455e-09,0.925434338726418
2.497980184048317e-09,1,2.497980184048317e-09,0,2.497980184048317e-09,1,2.497980184048317e-09,0.001488277650625661,2.497980184048317e-09,0.9747061737316227
2.504047415596195e-09,1,2.504047415596195e-09,0,2.504047415596195e-09,1,2.504047415596195e-09,7.116150119587361e-05,2.504047415596195e-09,0.9979790622592459
2.511604266919962e-09,1,2.511604266919962e-09,0,2.511604266919962e-09,1,2.511604266919962e-09,8.319068464875407e-05,2.511604266919962e-09,0.9997365985684512
2.520835446807909e-09,1,2.520835446807909e-09,0,2.520835446807909e-09,1,2.520835446807909e-09,8.260460825745312e-06,2.520835446807909e-09,1.000162786592852
2.53375188383556e-09,1,2.53375188383556e-09,0,2.53375188383556e-09,1,2.53375188383556e-09,-9.699740589029721e-06,2.53375188383556e-09,0.9999263293273002
2.55958475789086e-09,1,2.55958475789086e-09,0,2.55958475789086e-09,1,2.55958475789086e-09,5.270149227184031e-06,2.55958475789086e-09,0.9999270405180858
2.611250506001462e-09,1,2.611250506001462e-09,0,2.611250506001462e-09,1,2.611250506001462e-09,3.094370199680814e-06,2.611250506001462e-09,0.9999906902667252
2.714582002222665e-09,1,2.714582002222665e-09,0,2.714582002222665e-09,1,2.714582002222665e-09,3.22353381331013e-06,2.714582002222665e-09,0.9999693679108792
2.921244994665071e-09,1,2.921244994665071e-09,0,2.921244994665071e-09,1,2.921244994665071e-09,3.995506726658373e-06,2.921244994665071e-09,0.9999597950847054
3.334570979549884e-09,1,3.334570979549884e-09,0,3.334570979549884e-09,1,3.334570979549884e-09,3.64327811016743e-06,3.334570979549884e-09,0.9999638999668636
4.134570979549884e-09,1,4.134570979549884e-09,0,4.134570979549884e-09,1,4.134570979549884e-09,3.610202736251116e-06,4.134570979549884e-09,0.9999644070702651
4.9e-09,1,4.9e-09,0,4.9e-09,1,4.9e-09,3.626723777829118e-06,4.9e-09,0.999964171632884
4.95e-09,7.66053886991358e-15,4.95e-09,0,4.95e-09,1,4.95e-09,-0.0004672242851941407,4.95e-09,0.997698245435676
4.96310688845172e-09,0,4.96310688845172e-09,0,4.96310688845172e-09,1,4.96310688845172e-09,2.137470005418259e-05,4.96310688845172e-09,0.9994266763845905
4.981553444225861e-09,0,4.981553444225861e-09,0,4.981553444225861e-09,1,4.981553444225861e-09,1.52853041440889e-05,4.981553444225861e-09,1.00013736962004
4.990776722112931e-09,0,4.990776722112931e-09,0,4.990776722112931e-09,1,4.990776722112931e-09,-1.953525450630936e-06,4.990776722112931e-09,1.000063658808023
5.000000000000001e-09,0,5.000000000000001e-09,0,5.000000000000001e-09,1,5.000000000000001e-09,1.822590912649741e-06,5.000000000000001e-09,0.999963759271045
5.002437574421471e-09,0,5.002437574421471e-09,0.02437574421469772,5.002437574421471e-09,0.9756242557853023,5.002437574421471e-09,0.0002190161819864017,5.002437574421471e-09,0.9993347723745521
5.00731272326441e-09,0,5.00731272326441e-09,0.07312723264409317,5.00731272326441e-09,0.9268727673559068,5.00731272326441e-09,0.0003535546596374278,5.00731272326441e-09,0.9984126939040775
5.014074574170144e-09,0,5.014074574170144e-09,0.1407457417014299,5.014074574170144e-09,0.8592542582985702,5.014074574170144e-09,0.000375169418044009,5.014074574170144e-09,0.997885675000087
5.027598275981611e-09,0,5.027598275981611e-09,0.2759827598161033,5.027598275981611e-09,0.7240172401838967,5.027598275981611e-09,0.0003277916167516262,5.027598275981611e-09,0.9977306231533152
5.04263978329281e-09,0,5.04263978329281e-09,0.4263978329280876,5.04263978329281e-09,0.5736021670719125,5.04263978329281e-09,0.0003161588387158817,5.04263978329281e-09,0.9975743575357757
5.059746343321013e-09,0,5.059746343321013e-09,0.5974634332101245,5.059746343321013e-09,0.4025365667898755,5.059746343321013e-09,0.0003037531159561715,5.059746343321013e-09,0.9973941763226876
5.064778050405887e-09,0,5.064778050405887e-09,0.6477805040588559,5.064778050405887e-09,0.3522194959411441,5.064778050405887e-09,0.000297277122904142,5.064778050405887e-09,0.997335781496142
5.074841464575633e-09,0,5.074841464575633e-09,0.7484146457563188,5.074841464575633e-09,0.2515853542436812,5.074841464575633e-09,0.0002564973681184078,5.074841464575633e-09,0.9966512057040801
5.087420732287817e-09,0,5.087420732287817e-09,0.8742073228781597,5.087420732287817e-09,0.1257926771218403,5.087420732287817e-09,-0.0007299555451690921,5.087420732287817e-09,0.9701181767448955
5.100000000000001e-09,0,5.100000000000001e-09,1,5.100000000000001e-09,0,5.100000000000001e-09,-0.002984958202404458,5.100000000000001e-09,0.8901500448513321
5.100880618074942e-09,0,5.100880618074942e-09,1,5.100880618074942e-09,0,5.100880618074942e-09,-0.002467791351462066,5.100880618074942e-09,0.8856005821079252
5.102641854224825e-09,0,5.102641854224825e-09,1,5.102641854224825e-09,0,5.102641854224825e-09,-0.001159325631673991,5.102641854224825e-09,0.8802138276312435
5.106164326524591e-09,0,5.106164326524591e-09,1,5.106164326524591e-09,0,5.106164326524591e-09,0.0001782185286945898,5.106164326524591e-09,0.877382588985663
5.113209271124122e-09,0,5.113209271124122e-09,1,5.113209271124122e-09,0,5.113209271124122e-09,0.000110358889564136,5.113209271124122e-09,0.8791878703520659
5.121595355882158e-09,0,5.121595355882158e-09,1,5.121595355882158e-09,0,5.121595355882158e-09,-2.51307193974452e-05,5.121595355882158e-09,0.8800385204650967
5.137556729364419e-09,0,5.137556729364419e-09,1,5.137556729364419e-09,0,5.137556729364419e-09,-3.544557152033507e-05,5.137556729364419e-09,0.8769784929878065
5.14553741610555e-09,0,5.14553741610555e-09,1,5.14553741610555e-09,0,5.14553741610555e-09,0.0001214456337091073,5.14553741610555e-09,0.8783603278102247
5.161498789587811e-09,0,5.161498789587811e-09,1,5.161498789587811e-09,0,5.161498789587811e-09,4.104284423645736e-05,5.161498789587811e-09,0.8797996447594489
5.193421536552334e-09,0,5.193421536552334e-09,1,5.193421536552334e-09,0,5.193421536552334e-09,6.132003807009668e-07,5.193421536552334e-09,0.878845540154616
5.257267030481379e-09,0,5.257267030481379e-09,1,5.257267030481379e-09,0,5.257267030481379e-09,8.067134182091428e-05,5.257267030481379e-09,0.8794516857204728
5.342148600232421e-09,0,5.342148600232421e-09,1,5.342148600232421e-09,0,5.342148600232421e-09,4.146116641877239e-05,5.342148600232421e-09,0.8792703064609038
5.511911739734506e-09,0,5.511911739734506e-09,1,5.511911739734506e-09,0,5.511911739734506e-09,3.295902378849065e-05,5.511911739734506e-09,0.8772572722516397
5.851438018738675e-09,0,5.851438018738675e-09,1,5.851438018738675e-09,0,5.851438018738675e-09,4.667475384614166e-05,5.851438018738675e-09,0.8767809529948367
6.475318636952743e-09,0,6.475318636952743e-09,1,6.475318636952743e-09,0,6.475318636952743e-09,4.022678558114737e-05,6.475318636952743e-09,0.8809014285317011
6.937659318476371e-09,0,6.937659318476371e-09,1,6.937659318476371e-09,0,6.937659318476371e-09,3.633142732581491e-05,6.937659318476371e-09,0.879877406199992
7.4e-09,0,7.4e-09,1,7.4e-09,0,7.4e-09,4.023217969875708e-05,7.4e-09,0.876473421295986
7.4125e-09,0.2499999999999939,7.4125e-09,1,7.4125e-09,0,7.4125e-09,0.0006617790552746083,7.4125e-09,0.8765500557698903
7.43125e-09,0.624999999999989,7.43125e-09,1,7.43125e-09,0,7.43125e-09,0.01484515571451952,7.43125e-09,0.8419930320102118
7.45e-09,0.9999999999999841,7.45e-09,1,7.45e-09,0,7.45e-09,0.06452116620342885,7.45e-09,0.6737710655465278
7.455235544548568e-09,1,7.455235544548568e-09,1,7.455235544548568e-09,0,7.455235544548568e-09,0.08418935801331077,7.455235544548568e-09,0.6243879292199159
7.465706633645705e-09,1,7.465706633645705e-09,1,7.465706633645705e-09,0,7.465706633645705e-09,0.1595058935780604,7.465706633645705e-09,0.5350008126400732
7.474424485244904e-09,1,7.474424485244904e-09,1,7.474424485244904e-09,0,7.474424485244904e-09,0.3409215193487035,7.474424485244904e-09,0.4020575377448061
7.484959319177345e-09,1,7.484959319177345e-09,1,7.484959319177345e-09,0,7.484959319177345e-09,0.6669167794184686,7.484959319177345e-09,0.06753088590109368
7.487230325936938e-09,1,7.487230325936938e-09,1,7.487230325936938e-09,0,7.487230325936938e-09,0.7536929641842786,7.487230325936938e-09,0.03194092101860631
7.491772339456125e-09,1,7.491772339456125e-09,1,7.491772339456125e-09,0,7.491772339456125e-09,0.891702034877363,7.491772339456125e-09,0.005174894983583271
7.497166751906858e-09,1,7.497166751906858e-09,1,7.497166751906858e-09,0,7.497166751906858e-09,0.9706154882623691,7.497166751906858e-09,0.001117622384439932
7.503789218610228e-09,1,7.503789218610228e-09,1,7.503789218610228e-09,0,7.503789218610228e-09,0.9947188151946098,7.503789218610228e-09,0.0008033924313469846
7.510642665666518e-09,1,7.510642665666518e-09,1,7.510642665666518e-09,0,7.510642665666518e-09,1.001366953216993,7.510642665666518e-09,4.523739369426049e-05
7.519210885604723e-09,1,7.519210885604723e-09,1,7.519210885604723e-09,0,7.519210885604723e-09,0.9999329189601455,7.519210885604723e-09,-0.0001140852107483675
7.532198300936133e-09,1,7.532198300936133e-09,1,7.532198300936133e-09,0,7.532198300936133e-09,0.9997031852619761,7.532198300936133e-09,8.908196927673279e-06
7.552520817939027e-09,1,7.552520817939027e-09,1,7.552520817939027e-09,0,7.552520817939027e-09,1.000065615074383,7.552520817939027e-09,1.036010528998902e-05
7.593165851944815e-09,1,7.593165851944815e-09,1,7.593165851944815e-09,0,7.593165851944815e-09,1.000027348512543,7.593165851944815e-09,-1.663084473865458e-06
7.674455919956392e-09,1,7.674455919956392e-09,1,7.674455919956392e-09,0,7.674455919956392e-09,0.9999233696370891,7.674455919956392e-09,8.378076295202327e-06
7.837036055979545e-09,1,7.837036055979545e-09,1,7.837036055979545e-09,0,7.837036055979545e-09,0.999958621893884,7.837036055979545e-09,3.978582932496403e-06
8.162196328025851e-09,1,8.162196328025851e-09,1,8.162196328025851e-09,0,8.162196328025851e-09,0.9999697339974106,8.162196328025851e-09,3.201425800411381e-06
8.812516872118462e-09,1,8.812516872118462e-09,1,8.812516872118462e-09,0,8.812516872118462e-09,0.9999643939499725,8.812516872118462e-09,3.60578029537114e-06
9.356258436059231e-09,1,9.356258436059231e-09,1,9.356258436059231e-09,0,9.356258436059231e-09,0.9999639509989244,9.356258436059231e-09,3.647546055675421e-06
9.899999999999999e-09,1,9.899999999999999e-09,1,9.899999999999999e-09,0,9.899999999999999e-09,0.9999641631105307,9.899999999999999e-09,3.627370810894503e-06
9.925e-09,0.5000000000000286,9.925e-09,1,9.925e-09,0,9.925e-09,0.9983800373073659,9.925e-09,-0.00052113055257891
9.95e-09,2.420286193682841e-14,9.95e-09,1,9.95e-09,0,9.95e-09,0.9962184032290192,9.95e-09,-0.0002950987870350725
9.957902366677131e-09,0,9.957902366677131e-09,1,9.957902366677131e-09,0,9.957902366677131e-09,0.998641836988059,9.957902366677131e-09,7.165527938195597e-05
9.971085143505891e-09,0,9.971085143505891e-09,1,9.971085143505891e-09,0,9.971085143505891e-09,1.000177316844079,9.971085143505891e-09,2.636286207370077e-05
9.981531669498821e-09,0,9.981531669498821e-09,1,9.981531669498821e-09,0,9.981531669498821e-09,1.000186015090682,9.981531669498821e-09,-9.739351981097842e-06
1e-08,0,1e-08,1,1e-08,0,1e-08,0.9998942504309289,1e-08,5.631822497243667e-06
1.000086232120301e-08,0,1.000086232120301e-08,0.9913767879698829,1.000086232120301e-08,0.008623212030117062,1.000086232120301e-08,0.9996378553556086,1.000086232120301e-08,0.0001452722769507462
1.000258696360904e-08,0,1.000258696360904e-08,0.9741303639096488,1.000258696360904e-08,0.02586963609035119,1.000258696360904e-08,0.9991643395642545,1.000258696360904e-08,0.0002860105102743795
1.000603624842108e-08,0,1.000603624842108e-08,0.9396375157891805,1.000603624842108e-08,0.06036248421081943,1.000603624842108e-08,0.9985114829199052,1.000603624842108e-08,0.0003495270539639377
1.001293481804518e-08,0,1.001293481804518e-08,0.8706518195482441,1.001293481804518e-08,0.1293481804517559,1.001293481804518e-08,0.9979839487373354,1.001293481804518e-08,0.000346413790544372
1.002673195729336e-08,0,1.002673195729336e-08,0.7326804270663712,1.002673195729336e-08,0.2673195729336289,1.002673195729336e-08,0.9975939744771817,1.002673195729336e-08,0.0003409215260253501
1.004540773831766e-08,0,1.004540773831766e-08,0.5459226168234143,1.004540773831766e-08,0.4540773831765857,1.004540773831766e-08,0.9975898491224116,1.004540773831766e-08,0.0003204749409830353
1.006029319166526e-08,0,1.006029319166526e-08,0.39706808334737,1.006029319166526e-08,0.60293191665263,1.006029319166526e-08,0.9974171329409861,1.006029319166526e-08,0.0002986482106308632
1.006525654270711e-08,0,1.006525654270711e-08,0.3474345729289497,1.006525654270711e-08,0.6525654270710503,1.006525654270711e-08,0.9973429069149508,1.006525654270711e-08,0.0002959896094297925
1.007518324479079e-08,0,1.007518324479079e-08,0.2481675520921092,1.007518324479079e-08,0.7518324479078908,1.007518324479079e-08,0.9965121209982082,1.007518324479079e-08,0.0002541361926026748
1.00875916223954e-08,0,1.00875916223954e-08,0.1240837760460501,1.00875916223954e-08,0.8759162239539499,1.00875916223954e-08,0.9707412798189314,1.00875916223954e-08,-0.0009427740493196784
1.01e-08,0,1.01e-08,7.66053886991358e-15,1.01e-08,0.9999999999999923,1.01e-08,0.8894715137859466,1.01e-08,-0.002799175547139572
1.010110885524658e-08,0,1.010110885524658e-08,0,1.010110885524658e-08,1,1.010110885524658e-08,0.884574772387873,1.010110885524658e-08,-0.002168107889927875
1.010332656573974e-08,0,1.010332656573974e-08,0,1.010332656573974e-08,1,1.010332656573974e-08,0.8791917740212054,1.010332656573974e-08,-0.000770067825218647
1.010776198672605e-08,0,1.010776198672605e-08,0,1.010776198672605e-08,1,1.010776198672605e-08,0.8771608503897778,1.010776198672605e-08,0.000360401754463135
1.011621431954754e-08,0,1.011621431954754e-08,0,1.011621431954754e-08,1,1.011621431954754e-08,0.8797602266890313,1.011621431954754e-08,2.752816938005014e-05
1.012616585017775e-08,0,1.012616585017775e-08,0,1.012616585017775e-08,1,1.012616585017775e-08,0.8801878077582859,1.012616585017775e-08,-8.629259817456974e-05
1.014559738073e-08,0,1.014559738073e-08,0,1.014559738073e-08,1,1.014559738073e-08,0.8766463499746973,1.014559738073e-08,1.873931681055103e-05
1.015531314600613e-08,0,1.015531314600613e-08,0,1.015531314600613e-08,1,1.015531314600613e-08,0.8783919034758835,1.015531314600613e-08,0.0001352601764408884
1.017474467655839e-08,0,1.017474467655839e-08,0,1.017474467655839e-08,1,1.017474467655839e-08,0.8788205892096487,1.017474467655839e-08,-1.927628766262167e-05
1.020996777195408e-08,0,1.020996777195408e-08,0,1.020996777195408e-08,1,1.020996777195408e-08,0.8763057564192817,1.020996777195408e-08,-2.283958893192364e-05
1.028041396274546e-08,0,1.028041396274546e-08,0,1.028041396274546e-08,1,1.028041396274546e-08,0.8804802924279985,1.028041396274546e-08,0.000143087375582798
1.036825428989601e-08,0,1.036825428989601e-08,0,1.036825428989601e-08,1,1.036825428989601e-08,0.8784671295694585,1.036825428989601e-08,1.895459347798823e-05
1.050665319988274e-08,0,1.050665319988274e-08,0,1.050665319988274e-08,1,1.050665319988274e-08,0.878932603889433,1.050665319988274e-08,6.397154812339445e-05
1.069675904299434e-08,0,1.069675904299434e-08,0,1.069675904299434e-08,1,1.069675904299434e-08,0.8797491164030012,1.069675904299434e-08,4.601371010356061e-05
1.107697072921754e-08,0,1.107697072921754e-08,0,1.107697072921754e-08,1,1.107697072921754e-08,0.8770116013181282,1.107697072921754e-08,2.825013455529389e-05
1.126707657232914e-08,0,1.126707657232914e-08,0,1.126707657232914e-08,1,1.126707657232914e-08,0.8786290313207153,1.126707657232914e-08,4.545007390006588e-05
1.164728825855234e-08,0,1.164728825855234e-08,0,1.164728825855234e-08,1,1.164728825855234e-08,0.8795336857889605,1.164728825855234e-08,3.729007038110699e-05
1.202364412927617e-08,0,1.202364412927617e-08,0,1.202364412927617e-08,1,1.202364412927617e-08,0.8782344740555746,1.202364412927617e-08,3.865559641701079e-05
1.24e-08,0,1.24e-08,0,1.24e-08,1,1.24e-08,0.8784098153184404,1.24e-08,4.324366190885501e-05
1.24125e-08,0.250000000000027,1.24125e-08,0,1.24125e-08,1,1.24125e-08,0.8768425032695123,1.24125e-08,0.0006152974285590938
1.243125e-08,0.6250000000000221,1.243125e-08,0,1.243125e-08,1,1.243125e-08,0.8438615439823258,1.243125e-08,0.01480492222117358
1.245e-08,1,1.245e-08,0,1.245e-08,1,1.245e-08,0.6749006764278629,1.245e-08,0.06414289459171005
1.245510635666381e-08,1,1.245510635666381e-08,0,1.245510635666381e-08,1,1.245510635666381e-08,0.6261874811078453,1.245510635666381e-08,0.08323845568460951
1.246531906999143e-08,1,1.246531906999143e-08,0,1.246531906999143e-08,1,1.246531906999143e-08,0.5391594681594988,1.246531906999143e-08,0.1544151853034494
1.247398849168856e-08,1,1.247398849168856e-08,0,1.247398849168856e-08,1,1.247398849168856e-08,0.4162682610507185,1.247398849168856e-08,0.3235530026505501
1.247667846597555e-08,1,1.247667846597555e-08,0,1.247667846597555e-08,1,1.247667846597555e-08,0.35723866640188,1.247667846597555e-08,0.3930792429593867
1.248205841454952e-08,1,1.248205841454952e-08,0,1.248205841454952e-08,1,1.248205841454952e-08,0.1411354594462441,1.248205841454952e-08,0.5641481482831299
1.248363681756898e-08,1,1.248363681756898e-08,0,1.248363681756898e-08,1,1.248363681756898e-08,0.07371876703502082,1.248363681756898e-08,0.6250925112342332
1.248658284429456e-08,1,1.248658284429456e-08,0,1.248658284429456e-08,1,1.248658284429456e-08,0.02421543521595781,1.248658284429456e-08,0.7487549918127514
1.248993485554078e-08,1,1.248993485554078e-08,0,1.248993485554078e-08,1,1.248993485554078e-08,0.01062397821970031,1.248993485554078e-08,0.8623311529934902
1.249291885407728e-08,1,1.249291885407728e-08,0,1.249291885407728e-08,1,1.249291885407728e-08,0.004031126046537527,1.249291885407728e-08,0.9239859343834244
1.249780148052507e-08,1,1.249780148052507e-08,0,1.249780148052507e-08,1,1.249780148052507e-08,0.002555961454591021,1.249780148052507e-08,0.974603227931843
1.25037409488804e-08,1,1.25037409488804e-08,0,1.25037409488804e-08,1,1.25037409488804e-08,0.0006097732495389317,1.25037409488804e-08,0.997491555970659
1.251149580672711e-08,1,1.251149580672711e-08,0,1.251149580672711e-08,1,1.251149580672711e-08,-0.0002679629961947822,1.251149580672711e-08,0.9995172541962835
1.252053109535736e-08,1,1.252053109535736e-08,0,1.252053109535736e-08,1,1.252053109535736e-08,-7.284168216168829e-05,1.252053109535736e-08,1.000222099870604
1.253345771149971e-08,1,1.253345771149971e-08,0,1.253345771149971e-08,1,1.253345771149971e-08,3.36411981023744e-05,1.253345771149971e-08,0.9999397736845752
1.25593109437844e-08,1,1.25593109437844e-08,0,1.25593109437844e-08,1,1.25593109437844e-08,1.717665715095555e-05,1.25593109437844e-08,0.9999190825308915
1.26110174083538e-08,1,1.26110174083538e-08,0,1.26110174083538e-08,1,1.26110174083538e-08,-9.409632217137736e-06,1.26110174083538e-08,0.9999966685607168
1.271443033749258e-08,1,1.271443033749258e-08,0,1.271443033749258e-08,1,1.271443033749258e-08,2.738206439629598e-06,1.271443033749258e-08,0.9999713373348956
1.292125619577015e-08,1,1.292125619577015e-08,0,1.292125619577015e-08,1,1.292125619577015e-08,4.092734536094412e-06,1.292125619577015e-08,0.9999583043102745
1.33349079123253e-08,1,1.33349079123253e-08,0,1.33349079123253e-08,1,1.33349079123253e-08,3.645469996584914e-06,1.33349079123253e-08,0.999963829107733
1.41349079123253e-08,1,1.41349079123253e-08,0,1.41349079123253e-08,1,1.41349079123253e-08,3.607511091210485e-06,1.41349079123253e-08,0.9999644794131359
1.49e-08,1,1.49e-08,0,1.49e-08,1,1.49e-08,3.626649624248079e-06,1.49e-08,0.9999641727573564
1.495e-08,0,1.495e-08,0,1.495e-08,1,1.495e-08,-0.000467224295187376,1.495e-08,0.9976982455188395
1.496310757460619e-08,0,1.496310757460619e-08,0,1.496310757460619e-08,1,1.496310757460619e-08,2.137447249024431e-05,1.496310757460619e-08,0.9994266973387739
1.49815537873031e-08,0,1.49815537873031e-08,0,1.49815537873031e-08,1,1.49815537873031e-08,1.528470547527191e-05,1.49815537873031e-08,1.000137358306115
1.499077689365155e-08,0,1.499077689365155e-08,0,1.499077689365155e-08,1,1.499077689365155e-08,-1.953236909361012e-06,1.499077689365155e-08,1.000063654162142
1.5e-08,0,1.5e-08,0,1.5e-08,1,1.5e-08,1.822620341212681e-06,1.5e-08,0.9999637602265966
1.50024376793613e-08,0,1.50024376793613e-08,0.02437679361299778,1.50024376793613e-08,0.9756232063870022,1.50024376793613e-08,0.0002190192912739399,1.50024376793613e-08,0.9993347535826045
1.50073130380839e-08,0,1.50073130380839e-08,0.0731303808389768,1.50073130380839e-08,0.9268696191610232,1.50073130380839e-08,0.0003535565654399738,1.50073130380839e-08,0.9984126584436662
1.50140751316363e-08,0,1.50140751316363e-08,0.1407513163630267,1.50140751316363e-08,0.8592486836369733,1.50140751316363e-08,0.0003751692742480381,1.50140751316363e-08,0.9978856500238678
1.502759931874111e-08,0,1.502759931874111e-08,0.2759931874111264,1.502759931874111e-08,0.7240068125888736,1.502759931874111e-08,0.0003277902293788291,1.502759931874111e-08,0.9977306152917922
1.504264183935205e-08,0,1.504264183935205e-08,0.4264183935205381,1.504264183935205e-08,0.5735816064794619,1.504264183935205e-08,0.0003161562018272114,1.504264183935205e-08,0.9975743399478162
1.50597493756809e-08,0,1.50597493756809e-08,0.5974937568089882,1.50597493756809e-08,0.4025062431910118,1.50597493756809e-08,0.0003037503919596537,1.50597493756809e-08,0.9973941425240539
1.506478070372079e-08,0,1.506478070372079e-08,0.6478070372078709,1.506478070372079e-08,0.3521929627921291,1.506478070372079e-08,0.0002972743268219019,1.506478070372079e-08,0.99733574356135
1.507484335980056e-08,0,1.507484335980056e-08,0.7484335980056365,1.507484335980056e-08,0.2515664019943635,1.507484335980056e-08,0.0002564714978077122,1.507484335980056e-08,0.9966507745822858
1.508742167990028e-08,0,1.508742167990028e-08,0.8742167990028268,1.508742167990028e-08,0.1257832009971732,1.508742167990028e-08,-0.0007301712004665505,1.508742167990028e-08,0.9701139843982278
1.51e-08,0,1.51e-08,1,1.51e-08,0,1.51e-08,-0.002984875199295009,1.51e-08,0.8901496690683212
1.510088064630873e-08,0,1.510088064630873e-08,1,1.510088064630873e-08,0,1.510088064630873e-08,-0.002467696950350954,1.510088064630873e-08,0.8856002670005132
1.510264193892618e-08,0,1.510264193892618e-08,1,1.510264193892618e-08,0,1.510264193892618e-08,-0.001159236058643695,1.510264193892618e-08,0.8802136541562187
1.510616452416109e-08,0,1.510616452416109e-08,1,1.510616452416109e-08,0,1.510616452416109e-08,0.0001782485972954702,1.510616452416109e-08,0.8773825890829809
1.51132096946309e-08,0,1.51132096946309e-08,1,1.51132096946309e-08,0,1.51132096946309e-08,0.0001103384197875635,1.51132096946309e-08,0.8791878799060913
1.512159635494932e-08,0,1.512159635494932e-08,1,1.512159635494932e-08,0,1.512159635494932e-08,-2.514436597049387e-05,1.512159635494932e-08,0.8800385610342385
1.513755910668074e-08,0,1.513755910668074e-08,1,1.513755910668074e-08,0,1.513755910668074e-08,-3.542768725499698e-05,1.513755910668074e-08,0.8769784360486549
1.514554048254645e-08,0,1.514554048254645e-08,1,1.514554048254645e-08,0,1.514554048254645e-08,0.0001214482223336868,1.514554048254645e-08,0.8783603725843964
1.516150323427786e-08,0,1.516150323427786e-08,1,1.516150323427786e-08,0,1.516150323427786e-08,4.103802557180603e-05,1.516150323427786e-08,0.8797997777317074
1.51934287377407e-08,0,1.51934287377407e-08,1,1.51934287377407e-08,0,1.51934287377407e-08,6.12482071855186e-07,1.51934287377407e-08,0.8788455425786023
1.525727974466636e-08,0,1.525727974466636e-08,1,1.525727974466636e-08,0,1.525727974466636e-08,8.067797323469997e-05,1.525727974466636e-08,0.8794525012461927
1.534216797202241e-08,0,1.534216797202241e-08,1,1.534216797202241e-08,0,1.534216797202241e-08,4.146114555843587e-05,1.534216797202241e-08,0.8792713695551004
1.551194442673451e-08,0,1.551194442673451e-08,1,1.551194442673451e-08,0,1.551194442673451e-08,3.295058377780628e-05,1.551194442673451e-08,0.8772561731591664
1.58514973361587e-08,0,1.58514973361587e-08,1,1.58514973361587e-08,0,1.58514973361587e-08,4.66838691141139e-05,1.58514973361587e-08,0.8767739277635324
1.647526421204593e-08,0,1.647526421204593e-08,1,1.647526421204593e-08,0,1.647526421204593e-08,4.023133403821568e-05,1.647526421204593e-08,0.8808976660178595
1.693763210602297e-08,0,1.693763210602297e-08,1,1.693763210602297e-08,0,1.693763210602297e-08,3.633371192625724e-05,1.693763210602297e-08,0.8798812110813832
1.74e-08,0,1.74e-08,1,1.74e-08,0,1.74e-08,4.021765427432222e-05,1.74e-08,0.8764683877197298
1.74125e-08,0.2500000000000601,1.74125e-08,1,1.74125e-08,0,1.74125e-08,0.0006619035775131398,1.74125e-08,0.8765494507620778
1.743125000000001e-08,0.6250000000000883,1.743125000000001e-08,1,1.743125000000001e-08,0,1.743125000000001e-08,0.01484512248194312,1.743125000000001e-08,0.8419969996188731
1.745e-08,1,1.745e-08,1,1.745e-08,0,1.745e-08,0.06452041218616342,1.745e-08,0.6737735400222854
1.745523565937433e-08,1,1.745523565937433e-08,1,1.745523565937433e-08,0,1.745523565937433e-08,0.08418883685611321,1.745523565937433e-08,0.6243889602492705
1.746570697812297e-08,1,1.746570697812297e-08,1,1.746570697812297e-08,0,1.746570697812297e-08,0.1595078132585916,1.746570697812297e-08,0.5349992555888553
1.747442517694151e-08,1,1.747442517694151e-08,1,1.747442517694151e-08,0,1.747442517694151e-08,0.3409452316654987,1.747442517694151e-08,0.4020378663364673
1.748496004678614e-08,1,1.748496004678614e-08,1,1.748496004678614e-08,0,1.748496004678614e-08,0.6669460818385554,1.748496004678614e-08,0.06752237009061209
1.748723145541809e-08,1,1.748723145541809e-08,1,1.748723145541809e-08,0,1.748723145541809e-08,0.7537319468934249,1.748723145541809e-08,0.03193418093293354
1.749177427268198e-08,1,1.749177427268198e-08,1,1.749177427268198e-08,0,1.749177427268198e-08,0.8917415402541593,1.749177427268198e-08,0.00517246122820852
1.749716903288023e-08,1,1.749716903288023e-08,1,1.749716903288023e-08,0,1.749716903288023e-08,0.9706344120912801,1.749716903288023e-08,0.001116855973862137
1.750379266305957e-08,1,1.750379266305957e-08,1,1.750379266305957e-08,0,1.750379266305957e-08,0.9947249736715112,1.750379266305957e-08,0.0008025367682075115
1.751064683459844e-08,1,1.751064683459844e-08,1,1.751064683459844e-08,0,1.751064683459844e-08,1.00136745045722,1.751064683459844e-08,4.504779769285184e-05
1.751921628345564e-08,1,1.751921628345564e-08,1,1.751921628345564e-08,0,1.751921628345564e-08,0.9999328808995963,1.751921628345564e-08,-0.0001139788711006783
1.75322075729879e-08,1,1.75322075729879e-08,1,1.75322075729879e-08,0,1.75322075729879e-08,0.9997030279675778,1.75322075729879e-08,8.94096798321208e-06
1.755253781113566e-08,1,1.755253781113566e-08,1,1.755253781113566e-08,0,1.755253781113566e-08,1.000065718870147,1.755253781113566e-08,1.033902218387458e-05
1.759319828743118e-08,1,1.759319828743118e-08,1,1.759319828743118e-08,0,1.759319828743118e-08,1.000027384009824,1.759319828743118e-08,-1.668436524695322e-06
1.767451924002223e-08,1,1.767451924002223e-08,1,1.767451924002223e-08,0,1.767451924002223e-08,0.9999233535942224,1.767451924002223e-08,8.382080367060001e-06
1.783716114520433e-08,1,1.783716114520433e-08,1,1.783716114520433e-08,0,1.783716114520433e-08,0.9999586211053223,1.783716114520433e-08,3.978766426997546e-06
1.816244495556852e-08,1,1.816244495556852e-08,1,1.816244495556852e-08,0,1.816244495556852e-08,0.9999697353186175,1.816244495556852e-08,3.201111721260727e-06
1.881301257629691e-08,1,1.881301257629691e-08,1,1.881301257629691e-08,0,1.881301257629691e-08,0.9999643939704027,1.881301257629691e-08,3.605770242050537e-06
1.935650628814846e-08,1,1.935650628814846e-08,1,1.935650628814846e-08,0,1.935650628814846e-08,0.9999639509805599,1.935650628814846e-08,3.6475558053618e-06
1.99e-08,0.9999999999999338,1.99e-08,1,1.99e-08,0,1.99e-08,0.9999641631078267,1.99e-08,3.627371043248279e-06
1.9925e-08,0.4999999999999625,1.9925e-08,1,1.9925e-08,0,1.9925e-08,0.99838003730694,1.9925e-08,-0.0005211305525403227
1.995e-08,0,1.995e-08,1,1.995e-08,0,1.995e-08,0.9962184031596416,1.995e-08,-0.0002950987431658336
1.995790284496438e-08,0,1.995790284496438e-08,1,1.995790284496438e-08,0,1.995790284496438e-08,0.9986418874385251,1.995790284496438e-08,7.165360857747794e-05
1.997108618205227e-08,0,1.997108618205227e-08,1,1.997108618205227e-08,0,1.997108618205227e-08,1.000177336666945,1.997108618205227e-08,2.635968372062384e-05
1.998153317820148e-08,0,1.998153317820148e-08,1,1.998153317820148e-08,0,1.998153317820148e-08,1.000186014344761,1.998153317820148e-08,-9.739847168579682e-06
2e-08,0,2e-08,1,2e-08,0,2e-08,0.9998942568925471,2e-08,5.631453259792723e-06
2.000086233112146e-08,0,2.000086233112146e-08,0.9913766887854185,2.000086233112146e-08,0.008623311214581529,2.000086233112146e-08,0.9996378580434615,2.000086233112146e-08,0.0001452727139532912
2.000258699336437e-08,0,2.000258699336437e-08,0.9741300663562554,2.000258699336437e-08,0.02586993364374459,2.000258699336437e-08,0.999164336357885,2.000258699336437e-08,0.0002860111964073624
2.000603631785021e-08,0,2.000603631785021e-08,0.9396368214979293,2.000603631785021e-08,0.06036317850207071,2.000603631785021e-08,0.9985114749680192,2.000603631785021e-08,0.0003495274276284352
2.001293496682187e-08,0,2.001293496682187e-08,0.870650331781277,2.001293496682187e-08,0.129349668218723,2.001293496682187e-08,0.9979839428181514,2.001293496682187e-08,0.0003464137819627151
2.00267322647652e-08,0,2.00267322647652e-08,0.7326773523479726,2.00267322647652e-08,0.2673226476520275,2.00267322647652e-08,0.997593971573661,2.00267322647652e-08,0.0003409211004889389
2.00454090842809e-08,0,2.00454090842809e-08,0.5459091571910066,2.00454090842809e-08,0.4540908428089933,2.00454090842809e-08,0.9975898386499158,2.00454090842809e-08,0.0003204731534731902
2.006029530565511e-08,0,2.006029530565511e-08,0.3970469434489533,2.006029530565511e-08,0.6029530565510467,2.006029530565511e-08,0.9974171097772219,2.006029530565511e-08,0.0002986461045359305
2.006525839244822e-08,0,2.006525839244822e-08,0.3474160755178455,2.006525839244822e-08,0.6525839244821545,2.006525839244822e-08,0.9973428822327695,2.006525839244822e-08,0.0002959875426935701
2.007518456603444e-08,0,2.007518456603444e-08,0.2481543396556297,2.007518456603444e-08,0.7518456603443703,2.007518456603444e-08,0.9965117598551744,2.007518456603444e-08,0.0002541169231639283
2.008759228301722e-08,0,2.008759228301722e-08,0.1240771698278104,2.008759228301722e-08,0.8759228301721896,2.008759228301722e-08,0.9707384040038168,2.008759228301722e-08,-0.0009429457781220044
2.01e-08,0,2.01e-08,0,2.01e-08,1,2.01e-08,0.889471527958533,2.01e-08,-0.002799194287925563
2.010110889441254e-08,0,2.010110889441254e-08,0,2.010110889441254e-08,1,2.010110889441254e-08,0.8845746890452961,2.010110889441254e-08,-0.002168092341273586
2.010332668323762e-08,0,2.010332668323762e-08,0,2.010332668323762e-08,1,2.010332668323762e-08,0.8791916533968636,2.010332668323762e-08,-0.0007700182134868699
2.010776226088777e-08,0,2.010776226088777e-08,0,2.010776226088777e-08,1,2.010776226088777e-08,0.8771608328276644,2.010776226088777e-08,0.0003604278492670464
2.011621504279139e-08,0,2.011621504279139e-08,0,2.011621504279139e-08,1,2.011621504279139e-08,0.8797604663591114,2.011621504279139e-08,2.751565686283883e-05
2.012616723397226e-08,0,2.012616723397226e-08,0,2.012616723397226e-08,1,2.012616723397226e-08,0.880188134415492,2.012616723397226e-08,-8.630411511154502e-05
2.014560025961255e-08,0,2.014560025961255e-08,0,2.014560025961255e-08,1,2.014560025961255e-08,0.8766460322530432,2.014560025961255e-08,1.873540901460157e-05
2.01553167724327e-08,0,2.01553167724327e-08,0,2.01553167724327e-08,1,2.01553167724327e-08,0.8783920612601637,2.01553167724327e-08,0.0001352774557963398
2.017474979807298e-08,0,2.017474979807298e-08,0,2.017474979807298e-08,1,2.017474979807298e-08,0.8788209821888057,2.017474979807298e-08,-1.928428271527526e-05
2.020997414501278e-08,0,2.020997414501278e-08,0,2.020997414501278e-08,1,2.020997414501278e-08,0.8763050778837327,2.020997414501278e-08,-2.286205638639768e-05
2.028042283889236e-08,0,2.028042283889236e-08,0,2.028042283889236e-08,1,2.028042283889236e-08,0.8804830145236016,2.028042283889236e-08,0.0001431393503921852
2.036825489217895e-08,0,2.036825489217895e-08,0,2.036825489217895e-08,1,2.036825489217895e-08,0.8784677224525621,2.036825489217895e-08,1.893219843477193e-05
2.050662776341346e-08,0,2.050662776341346e-08,0,2.050662776341346e-08,1,2.050662776341346e-08,0.8789358384728968,2.050662776341346e-08,6.40046474031878e-05
2.069666147562044e-08,0,2.069666147562044e-08,0,2.069666147562044e-08,1,2.069666147562044e-08,0.8797541023496553,2.069666147562044e-08,4.602025839547605e-05
2.10767289000344e-08,0,2.10767289000344e-08,0,2.10767289000344e-08,1,2.10767289000344e-08,0.8770072868812328,2.10767289000344e-08,2.821785670190921e-05
2.126676261224137e-08,0,2.126676261224137e-08,0,2.126676261224137e-08,1,2.126676261224137e-08,0.8786318503659764,2.126676261224137e-08,4.546969337382154e-05
2.164683003665533e-08,0,2.164683003665533e-08,0,2.164683003665533e-08,1,2.164683003665533e-08,0.8795451652083759,2.164683003665533e-08,3.727888598980603e-05
2.202341501832767e-08,0,2.202341501832767e-08,0,2.202341501832767e-08,1,2.202341501832767e-08,0.8782342474606362,2.202341501832767e-08,3.863424957586282e-05
2.24e-08,0,2.24e-08,0,2.24e-08,1,2.24e-08,0.8784146497725802,2.24e-08,4.326709441076454e-05
2.24125e-08,0.2500000000000601,2.24125e-08,0,2.24125e-08,1,2.24125e-08,0.8768433745823788,2.24125e-08,0.0006151867133492655
2.243125e-08,0.6250000000000883,2.243125e-08,0,2.243125e-08,1,2.243125e-08,0.8438572616522632,2.243125e-08,0.01480492072237248
2.245e-08,1,2.245e-08,0,2.245e-08,1,2.245e-08,0.6748979761844311,2.245e-08,0.06414371099500414
2.245510663414629e-08,1,2.245510663414629e-08,0,2.245510663414629e-08,1,2.245510663414629e-08,0.6261834199650125,2.245510663414629e-08,0.08324055908023489
2.246531990243886e-08,1,2.246531990243886e-08,0,2.246531990243886e-08,1,2.246531990243886e-08,0.5391505266326267,2.246531990243886e-08,0.1544260155553556
2.247398973092562e-08,1,2.247398973092562e-08,0,2.247398973092562e-08,1,2.247398973092562e-08,0.4162294023103599,2.247398973092562e-08,0.323601755062962
2.247667962806452e-08,1,2.247667962806452e-08,0,2.247667962806452e-08,1,2.247667962806452e-08,0.3571830387937027,2.247667962806452e-08,0.3931353659665034
2.248205942234232e-08,1,2.248205942234232e-08,0,2.248205942234232e-08,1,2.248205942234232e-08,0.1410631802010159,2.248205942234232e-08,0.5642136725308708
2.248363809153825e-08,1,2.248363809153825e-08,0,2.248363809153825e-08,1,2.248363809153825e-08,0.07365746326134306,2.248363809153825e-08,0.6251737207867268
2.248658317078648e-08,1,2.248658317078648e-08,0,2.248658317078648e-08,1,2.248658317078648e-08,0.02420074239474712,2.248658317078648e-08,0.7487948010475757
2.248993560609301e-08,1,2.248993560609301e-08,0,2.248993560609301e-08,1,2.248993560609301e-08,0.01062197665692669,2.248993560609301e-08,0.8623711844737546
2.249291963253842e-08,1,2.249291963253842e-08,0,2.249291963253842e-08,1,2.249291963253842e-08,0.004030271463436687,2.249291963253842e-08,0.9240110031804969
2.249780236382644e-08,1,2.249780236382644e-08,0,2.249780236382644e-08,1,2.249780236382644e-08,0.002555857556745123,2.249780236382644e-08,0.9746130078714633
2.250374131902916e-08,1,2.250374131902916e-08,0,2.250374131902916e-08,1,2.250374131902916e-08,0.0006097961372055832,2.250374131902916e-08,0.9974917705511572
2.251149642548723e-08,1,2.251149642548723e-08,0,2.251149642548723e-08,1,2.251149642548723e-08,-0.0002680058191978867,2.251149642548723e-08,0.9995173422316498
2.252053253705019e-08,1,2.252053253705019e-08,0,2.252053253705019e-08,1,2.252053253705019e-08,-7.284837229288682e-05,2.252053253705019e-08,1.000222153511877
2.253346071506623e-08,1,2.253346071506623e-08,0,2.253346071506623e-08,1,2.253346071506623e-08,3.36399998783982e-05,2.253346071506623e-08,0.9999397488804034
2.255931707109832e-08,1,2.255931707109832e-08,0,2.255931707109832e-08,1,2.255931707109832e-08,1.717827690097043e-05,2.255931707109832e-08,0.9999190741971197
2.261102978316249e-08,1,2.261102978316249e-08,0,2.261102978316249e-08,1,2.261102978316249e-08,-9.411695159387704e-06,2.261102978316249e-08,0.9999966778648376
2.271445520729083e-08,1,2.271445520729083e-08,0,2.271445520729083e-08,1,2.271445520729083e-08,2.738104244749436e-06,2.271445520729083e-08,0.9999713383827123
2.292130605554751e-08,1,2.292130605554751e-08,0,2.292130605554751e-08,1,2.292130605554751e-08,4.092699134876268e-06,2.292130605554751e-08,0.9999583036136513
2.333500775206087e-08,1,2.333500775206087e-08,0,2.333500775206087e-08,1,2.333500775206087e-08,3.645465062142954e-06,2.333500775206087e-08,0.9999638291212002
2.413500775206087e-08,1,2.413500775206087e-08,0,2.413500775206087e-08,1,2.413500775206087e-08,3.607516292010227e-06,2.413500775206087e-08,0.999964479399064
2.49e-08,1,2.49e-08,0,2.49e-08,1,2.49e-08,3.626649644978938e-06,2.49e-08,0.9999641727572264
2.495e-08,0,2.495e-08,0,2.495e-08,1,2.495e-08,-0.0004672242951871917,2.495e-08,0.9976982455188212
2.496310757460619e-08,0,2.496310757460619e-08,0,2.496310757460619e-08,1,2.496310757460619e-08,2.137447249055417e-05,2.496310757460619e-08,0.9994266973387688
2.49815537873031e-08,0,2.49815537873031e-08,0,2.49815537873031e-08,1,2.49815537873031e-08,1.528470547516327e-05,2.49815537873031e-08,1.000137358306117
2.499077689365155e-08,0,2.499077689365155e-08,0,2.499077689365155e-08,1,2.499077689365155e-08,-1.953236909426985e-06,2.499077689365155e-08,1.000063654162142
2.5e-08,0,2.5e-08,0,2.5e-08,1,2.5e-08,1.822620341196018e-06,2.5e-08,0.9999637602265972
2.50024376793613e-08,0,2.50024376793613e-08,0.02437679361303087,2.50024376793613e-08,0.9756232063869691,2.50024376793613e-08,0.0002190192912739769,2.50024376793613e-08,0.9993347535826045
2.500731303808391e-08,0,2.500731303808391e-08,0.07313038083907605,2.500731303808391e-08,0.9268696191609239,2.500731303808391e-08,0.0003535565654400637,2.500731303808391e-08,0.9984126584436653
2.501407513163631e-08,0,2.501407513163631e-08,0.1407513163631259,2.501407513163631e-08,0.859248683636874,2.501407513163631e-08,0.0003751692742479713,2.501407513163631e-08,0.9978856500238674
2.502759931874112e-08,0,2.502759931874112e-08,0.2759931874112257,2.502759931874112e-08,0.7240068125887743,2.502759931874112e-08,0.0003277902293788419,2.502759931874112e-08,0.9977306152917922
2.504264183935207e-08,0,2.504264183935207e-08,0.4264183935206705,2.504264183935207e-08,0.5735816064793295,2.504264183935207e-08,0.0003161562018271761,2.504264183935207e-08,0.9975743399478162
2.505974937568091e-08,0,2.505974937568091e-08,0.5974937568091205,2.505974937568091e-08,0.4025062431908795,2.505974937568091e-08,0.0003037503919595059,2.505974937568091e-08,0.997394142524053
2.50647807037208e-08,0,2.50647807037208e-08,0.6478070372079702,2.50647807037208e-08,0.3521929627920298,2.50647807037208e-08,0.0002972743268218069,2.50647807037208e-08,0.9973357435613477
2.507484335980057e-08,0,2.507484335980057e-08,0.7484335980056696,2.507484335980057e-08,0.2515664019943304,2.507484335980057e-08,0.0002564714978078273,2.507484335980057e-08,0.9966507745822847
2.508742167990029e-08,0,2.508742167990029e-08,0.8742167990028599,2.508742167990029e-08,0.1257832009971401,2.508742167990029e-08,-0.0007301712004672223,2.508742167990029e-08,0.9701139843982125
2.51e-08,0,2.51e-08,1,2.51e-08,0,2.51e-08,-0.002984875199294742,2.51e-08,0.8901496690683203
2.510088064630873e-08,0,2.510088064630873e-08,1,2.510088064630873e-08,0,2.510088064630873e-08,-0.002467696950353464,2.510088064630873e-08,0.8856002670005211
2.510264193892617e-08,0,2.510264193892617e-08,1,2.510264193892617e-08,0,2.510264193892617e-08,-0.001159236058649794,2.510264193892617e-08,0.880213654156232
2.510616452416107e-08,0,2.510616452416107e-08,1,2.510616452416107e-08,0,2.510616452416107e-08,0.0001782485972912293,2.510616452416107e-08,0.8773825890829855
2.511320969463085e-08,0,2.511320969463085e-08,1,2.511320969463085e-08,0,2.511320969463085e-08,0.0001103384197889286,2.511320969463085e-08,0.8791878799060816
2.512159635494925e-08,0,2.512159635494925e-08,1,2.512159635494925e-08,0,2.512159635494925e-08,-2.51443659693238e-05,2.512159635494925e-08,0.8800385610342321
2.513755910668061e-08,0,2.513755910668061e-08,1,2.513755910668061e-08,0,2.513755910668061e-08,-3.542768725569114e-05,2.513755910668061e-08,0.8769784360486653
2.514554048254629e-08,0,2.514554048254629e-08,1,2.514554048254629e-08,0,2.514554048254629e-08,0.0001214482223329998,2.514554048254629e-08,0.8783603725843935
2.516150323427765e-08,0,2.516150323427765e-08,1,2.516150323427765e-08,0,2.516150323427765e-08,4.103802557177795e-05,2.516150323427765e-08,0.8797997777316844
2.519342873774036e-08,0,2.519342873774036e-08,1,2.519342873774036e-08,0,2.519342873774036e-08,6.12482072578132e-07,2.519342873774036e-08,0.8788455425786053
2.525727974466579e-08,0,2.525727974466579e-08,1,2.525727974466579e-08,0,2.525727974466579e-08,8.067797323235504e-05,2.525727974466579e-08,0.879452501246013
2.534216797202231e-08,0,2.534216797202231e-08,1,2.534216797202231e-08,0,2.534216797202231e-08,4.146114555848e-05,2.534216797202231e-08,0.8792713695548809
2.551194442673536e-08,0,2.551194442673536e-08,1,2.551194442673536e-08,0,2.551194442673536e-08,3.295058377953991e-05,2.551194442673536e-08,0.8772561731593825
2.585149733616144e-08,0,2.585149733616144e-08,1,2.585149733616144e-08,0,2.585149733616144e-08,4.668386911217533e-05,2.585149733616144e-08,0.8767739277649066
2.647526421208835e-08,0,2.647526421208835e-08,1,2.647526421208835e-08,0,2.647526421208835e-08,4.023133403731482e-05,2.647526421208835e-08,0.880897666018605
2.693763210604418e-08,0,2.693763210604418e-08,1,2.693763210604418e-08,0,2.693763210604418e-08,3.633371192592026e-05,2.693763210604418e-08,0.8798812110804735
2.74e-08,0,2.74e-08,1,2.74e-08,0,2.74e-08,4.021765427741028e-05,2.74e-08,0.8764683877209155
2.74125e-08,0.2500000000000601,2.74125e-08,1,2.74125e-08,0,2.74125e-08,0.0006619035774838014,2.74125e-08,0.8765494507622205
2.743125e-08,0.6250000000000883,2.743125e-08,1,2.743125e-08,0,2.743125e-08,0.01484512248195104,2.743125e-08,0.8419969996179381
2.745e-08,1,2.745e-08,1,2.745e-08,0,2.745e-08,0.06452041218634054,2.745e-08,0.6737735400217031
2.745523565937434e-08,1,2.745523565937434e-08,1,2.745523565937434e-08,0,2.745523565937434e-08,0.08418883685640452,2.745523565937434e-08,0.6243889602487128
2.746570697812301e-08,1,2.746570697812301e-08,1,2.746570697812301e-08,0,2.746570697812301e-08,0.1595078132596032,2.746570697812301e-08,0.5349992555880418
2.747442517694156e-08,1,2.747442517694156e-08,1,2.747442517694156e-08,0,2.747442517694156e-08,0.3409452316688187,2.747442517694156e-08,0.4020378663336849
2.748496004678615e-08,1,2.748496004678615e-08,1,2.748496004678615e-08,0,2.748496004678615e-08,0.666946081841168,2.748496004678615e-08,0.06752237008999548
2.748723145541812e-08,1,2.748723145541812e-08,1,2.748723145541812e-08,0,2.748723145541812e-08,0.753731946896673,2.748723145541812e-08,0.03193418093240633
2.749177427268208e-08,1,2.749177427268208e-08,1,2.749177427268208e-08,0,2.749177427268208e-08,0.8917415402572533,2.749177427268208e-08,0.005172461228007472
2.749716903288033e-08,1,2.749716903288033e-08,1,2.749716903288033e-08,0,2.749716903288033e-08,0.9706344120925474,2.749716903288033e-08,0.001116855973812339
2.750379266305974e-08,1,2.750379266305974e-08,1,2.750379266305974e-08,0,2.750379266305974e-08,0.9947249736718891,2.750379266305974e-08,0.0008025367681592488
2.751064683459864e-08,1,2.751064683459864e-08,1,2.751064683459864e-08,0,2.751064683459864e-08,1.001367450457235,2.751064683459864e-08,4.504779768282034e-05
2.75192162834559e-08,1,2.75192162834559e-08,1,2.75192162834559e-08,0,2.75192162834559e-08,0.9999328808995946,2.75192162834559e-08,-0.0001139788710944221
2.753220757298838e-08,1,2.753220757298838e-08,1,2.753220757298838e-08,0,2.753220757298838e-08,0.9997030279675714,2.753220757298838e-08,8.940967984855761e-06
2.755253781113657e-08,1,2.755253781113657e-08,1,2.755253781113657e-08,0,2.755253781113657e-08,1.000065718870152,2.755253781113657e-08,1.033902218272511e-05
2.759319828743295e-08,1,2.759319828743295e-08,1,2.759319828743295e-08,0,2.759319828743295e-08,1.000027384009825,2.759319828743295e-08,-1.668436524884407e-06
2.767451924002572e-08,1,2.767451924002572e-08,1,2.767451924002572e-08,0,2.767451924002572e-08,0.999923353594222,2.767451924002572e-08,8.382080367168909e-06
2.783716114521126e-08,1,2.783716114521126e-08,1,2.783716114521126e-08,0,2.783716114521126e-08,0.9999586211053223,2.783716114521126e-08,3.978766427000093e-06
2.816244495558234e-08,1,2.816244495558234e-08,1,2.816244495558234e-08,0,2.816244495558234e-08,0.9999697353186175,2.816244495558234e-08,3.201111721289038e-06
2.881301257632449e-08,1,2.881301257632449e-08,1,2.881301257632449e-08,0,2.881301257632449e-08,0.9999643939704028,2.881301257632449e-08,3.605770242007e-06
2.935650628816224e-08,1,2.935650628816224e-08,1,2.935650628816224e-08,0,2.935650628816224e-08,0.9999639509805598,2.935650628816224e-08,3.647555805422757e-06
2.99e-08,1,2.99e-08,1,2.99e-08,0,2.99e-08,0.9999641631078267,2.99e-08,3.627371043233757e-06
2.9925e-08,0.5000000000000948,2.9925e-08,1,2.9925e-08,0,2.9925e-08,0.9983800373069405,2.9925e-08,-0.0005211305525401909
2.994999999999999e-08,1.896260926059767e-13,2.994999999999999e-08,1,2.994999999999999e-08,0,2.994999999999999e-08,0.9962184031596428,2.994999999999999e-08,-0.0002950987431660744
2.995790284496437e-08,0,2.995790284496437e-08,1,2.995790284496437e-08,0,2.995790284496437e-08,0.9986418874385218,2.995790284496437e-08,7.165360857690296e-05
2.997108618205227e-08,0,2.997108618205227e-08,1,2.997108618205227e-08,0,2.997108618205227e-08,1.000177336666946,2.997108618205227e-08,2.635968372126699e-05
2.998153317820149e-08,0,2.998153317820149e-08,1,2.998153317820149e-08,0,2.998153317820149e-08,1.000186014344763,2.998153317820149e-08,-9.739847168519183e-06
3e-08,0,3e-08,1,3e-08,0,3e-08,0.9998942568925472,3e-08,5.6314532596157e-06
3.000086233112147e-08,0,3.000086233112147e-08,0.9913766887853854,3.000086233112147e-08,0.008623311214614618,3.000086233112147e-08,0.9996378580434608,3.000086233112147e-08,0.0001452727139535924
3.000258699336439e-08,0,3.000258699336439e-08,0.9741300663561562,3.000258699336439e-08,0.02586993364384385,3.000258699336439e-08,0.9991643363578869,3.000258699336439e-08,0.0002860111964086006
3.000603631785023e-08,0,3.000603631785023e-08,0.9396368214976977,3.000603631785023e-08,0.06036317850230232,3.000603631785023e-08,0.9985114749680208,3.000603631785023e-08,0.0003495274276289655
3.001293496682193e-08,0,3.001293496682193e-08,0.8706503317807808,3.001293496682193e-08,0.1293496682192193,3.001293496682193e-08,0.9979839428181499,3.001293496682193e-08,0.0003464137819621706
3.002673226476531e-08,0,3.002673226476531e-08,0.7326773523469469,3.002673226476531e-08,0.2673226476530531,3.002673226476531e-08,0.9975939715736593,3.002673226476531e-08,0.0003409211004886967
3.004540908428103e-08,0,3.004540908428103e-08,0.5459091571897825,3.004540908428103e-08,0.4540908428102176,3.004540908428103e-08,0.9975898386499145,3.004540908428103e-08,0.0003204731534731666
3.006029530565524e-08,0,3.006029530565524e-08,0.3970469434475967,3.006029530565524e-08,0.6029530565524033,3.006029530565524e-08,0.9974171097772205,3.006029530565524e-08,0.0002986461045358098
3.006525839244834e-08,0,3.006525839244834e-08,0.3474160755166543,3.006525839244834e-08,0.6525839244833457,3.006525839244834e-08,0.9973428822327688,3.006525839244834e-08,0.0002959875426938344
3.007518456603453e-08,0,3.007518456603453e-08,0.2481543396547694,3.007518456603453e-08,0.7518456603452306,3.007518456603453e-08,0.9965117598551509,3.007518456603453e-08,0.0002541169231627912
3.008759228301727e-08,0,3.008759228301727e-08,0.1240771698273803,3.008759228301727e-08,0.8759228301726197,3.008759228301727e-08,0.9707384040036295,3.008759228301727e-08,-0.0009429457781332294
3.01e-08,0,3.01e-08,0,3.01e-08,1,3.01e-08,0.889471527958534,3.01e-08,-0.00279919428792675
3.010110889441254e-08,0,3.010110889441254e-08,0,3.010110889441254e-08,1,3.010110889441254e-08,0.8845746890452967,3.010110889441254e-08,-0.002168092341273881
3.010332668323762e-08,0,3.010332668323762e-08,0,3.010332668323762e-08,1,3.010332668323762e-08,0.8791916533968643,3.010332668323762e-08,-0.0007700182134867658
3.010776226088777e-08,0,3.010776226088777e-08,0,3.010776226088777e-08,1,3.010776226088777e-08,0.8771608328276642,3.010776226088777e-08,0.0003604278492668977
3.011621504279139e-08,0,3.011621504279139e-08,0,3.011621504279139e-08,1,3.011621504279139e-08,0.8797604663591092,3.011621504279139e-08,2.75156568629361e-05
3.012616723397226e-08,0,3.012616723397226e-08,0,3.012616723397226e-08,1,3.012616723397226e-08,0.8801881344154896,3.012616723397226e-08,-8.630411511156323e-05
3.014560025961255e-08,0,3.014560025961255e-08,0,3.014560025961255e-08,1,3.014560025961255e-08,0.8766460322530453,3.014560025961255e-08,1.873540901470457e-05
3.015531677243269e-08,0,3.015531677243269e-08,0,3.015531677243269e-08,1,3.015531677243269e-08,0.8783920612601629,3.015531677243269e-08,0.0001352774557962086
3.017474979807298e-08,0,3.017474979807298e-08,0,3.017474979807298e-08,1,3.017474979807298e-08,0.8788209821888036,3.017474979807298e-08,-1.928428271527316e-05
3.020997414501279e-08,0,3.020997414501279e-08,0,3.020997414501279e-08,1,3.020997414501279e-08,0.876305077883734,3.020997414501279e-08,-2.286205638627561e-05
3.028042283889241e-08,0,3.028042283889241e-08,0,3.028042283889241e-08,1,3.028042283889241e-08,0.8804830145235936,3.028042283889241e-08,0.0001431393503919889
3.036825489217908e-08,0,3.036825489217908e-08,0,3.036825489217908e-08,1,3.036825489217908e-08,0.8784677224525607,3.036825489217908e-08,1.893219843485298e-05
3.050662776341376e-08,0,3.050662776341376e-08,0,3.050662776341376e-08,1,3.050662776341376e-08,0.8789358384728867,3.050662776341376e-08,6.400464740310054e-05
3.06966614756211e-08,0,3.06966614756211e-08,0,3.06966614756211e-08,1,3.06966614756211e-08,0.879754102349639,3.06966614756211e-08,4.602025839545577e-05
3.107672890003577e-08,0,3.107672890003577e-08,0,3.107672890003577e-08,1,3.107672890003577e-08,0.8770072868812461,3.107672890003577e-08,2.821785670204316e-05
3.126676261224311e-08,0,3.126676261224311e-08,0,3.126676261224311e-08,1,3.126676261224311e-08,0.8786318503659672,3.126676261224311e-08,4.546969337377691e-05
3.164683003665778e-08,0,3.164683003665778e-08,0,3.164683003665778e-08,1,3.164683003665778e-08,0.8795451652083396,3.164683003665778e-08,3.727888598980789e-05
3.202341501832888e-08,0,3.202341501832888e-08,0,3.202341501832888e-08,1,3.202341501832888e-08,0.8782342474606366,3.202341501832888e-08,3.863424957589818e-05
3.24e-08,0,3.24e-08,0,3.24e-08,1,3.24e-08,0.878414649772565,3.24e-08,4.326709441067516e-05
3.24125e-08,0.2499999999999278,3.24125e-08,0,3.24125e-08,1,3.24125e-08,0.8768433745823798,3.24125e-08,0.0006151867133488115
3.243125e-08,0.6249999999999559,3.243125e-08,0,3.243125e-08,1,3.243125e-08,0.8438572616523015,3.243125e-08,0.01480492072236399
3.245e-08,0.9999999999998518,3.245e-08,0,3.245e-08,1,3.245e-08,0.6748979761845423,3.245e-08,0.06414371099495875
3.245510663414629e-08,1,3.245510663414629e-08,0,3.245510663414629e-08,1,3.245510663414629e-08,0.6261834199650772,3.245510663414629e-08,0.08324055908020131
3.246531990243887e-08,1,3.246531990243887e-08,0,3.246531990243887e-08,1,3.246531990243887e-08,0.5391505266326118,3.246531990243887e-08,0.154426015555377
3.247398973092563e-08,1,3.247398973092563e-08,0,3.247398973092563e-08,1,3.247398973092563e-08,0.416229402309952,3.247398973092563e-08,0.3236017550634767
3.247667962806453e-08,1,3.247667962806453e-08,0,3.247667962806453e-08,1,3.247667962806453e-08,0.3571830387931869,3.247667962806453e-08,0.3931353659670249
3.248205942234232e-08,1,3.248205942234232e-08,0,3.248205942234232e-08,1,3.248205942234232e-08,0.1410631802005544,3.248205942234232e-08,0.5642136725312966
3.248363809153825e-08,1,3.248363809153825e-08,0,3.248363809153825e-08,1,3.248363809153825e-08,0.07365746326089415,3.248363809153825e-08,0.6251737207873147
3.248658317078648e-08,1,3.248658317078648e-08,0,3.248658317078648e-08,1,3.248658317078648e-08,0.02420074239463961,3.248658317078648e-08,0.7487948010478742
3.248993560609301e-08,1,3.248993560609301e-08,0,3.248993560609301e-08,1,3.248993560609301e-08,0.01062197665691984,3.248993560609301e-08,0.862371184473971
3.249291963253841e-08,1,3.249291963253841e-08,0,3.249291963253841e-08,1,3.249291963253841e-08,0.004030271463446214,3.249291963253841e-08,0.9240110031805784
3.249780236382644e-08,1,3.249780236382644e-08,0,3.249780236382644e-08,1,3.249780236382644e-08,0.002555857556741703,3.249780236382644e-08,0.9746130078714867
3.250374131902915e-08,1,3.250374131902915e-08,0,3.250374131902915e-08,1,3.250374131902915e-08,0.0006097961372035744,3.250374131902915e-08,0.9974917705511497
3.251149642548722e-08,1,3.251149642548722e-08,0,3.251149642548722e-08,1,3.251149642548722e-08,-0.0002680058191960515,3.251149642548722e-08,0.9995173422316501
3.252053253705018e-08,1,3.252053253705018e-08,0,3.252053253705018e-08,1,3.252053253705018e-08,-7.284837229249219e-05,3.252053253705018e-08,1.000222153511878
3.253346071506623e-08,1,3.253346071506623e-08,0,3.253346071506623e-08,1,3.253346071506623e-08,3.363999987816921e-05,3.253346071506623e-08,0.9999397488804032
3.255931707109833e-08,1,3.255931707109833e-08,0,3.255931707109833e-08,1,3.255931707109833e-08,1.717827690099911e-05,3.255931707109833e-08,0.9999190741971193
3.261102978316253e-08,1,3.261102978316253e-08,0,3.261102978316253e-08,1,3.261102978316253e-08,-9.411695159439746e-06,3.261102978316253e-08,0.9999966778648379
3.271445520729092e-08,1,3.271445520729092e-08,0,3.271445520729092e-08,1,3.271445520729092e-08,2.738104244812279e-06,3.271445520729092e-08,0.9999713383827122
3.292130605554771e-08,1,3.292130605554771e-08,0,3.292130605554771e-08,1,3.292130605554771e-08,4.092699134794953e-06,3.292130605554771e-08,0.9999583036136515
3.333500775206128e-08,1,3.333500775206128e-08,0,3.333500775206128e-08,1,3.333500775206128e-08,3.645465062148347e-06,3.333500775206128e-08,0.9999638291212002
3.413500775206128e-08,1,3.413500775206128e-08,0,3.413500775206128e-08,1,3.413500775206128e-08,3.607516292048704e-06,3.413500775206128e-08,0.9999644793990639
3.49e-08,1,3.49e-08,0,3.49e-08,1,3.49e-08,3.626649645001353e-06,3.49e-08,0.9999641727572263
3.495e-08,5.728750807065808e-14,3.495e-08,0,3.495e-08,1,3.495e-08,-0.0004672242951872897,3.495e-08,0.9976982455188212
3.496310757460619e-08,0,3.496310757460619e-08,0,3.496310757460619e-08,1,3.496310757460619e-08,2.137447249040737e-05,3.496310757460619e-08,0.999426697338768
3.49815537873031e-08,0,3.49815537873031e-08,0,3.49815537873031e-08,1,3.49815537873031e-08,1.528470547536667e-05,3.49815537873031e-08,1.000137358306117
3.499077689365156e-08,0,3.499077689365156e-08,0,3.499077689365156e-08,1,3.499077689365156e-08,-1.953236909392399e-06,3.499077689365156e-08,1.000063654162142
3.500000000000001e-08,0,3.500000000000001e-08,0,3.500000000000001e-08,1,3.500000000000001e-08,1.822620341257421e-06,3.500000000000001e-08,0.9999637602265972
3.500243767936131e-08,0,3.500243767936131e-08,0.02437679361303087,3.500243767936131e-08,0.9756232063869691,3.500243767936131e-08,0.0002190192912743254,3.500243767936131e-08,0.9993347535826053
3.500731303808391e-08,0,3.500731303808391e-08,0.07313038083900988,3.500731303808391e-08,0.9268696191609901,3.500731303808391e-08,0.0003535565654396971,3.500731303808391e-08,0.9984126584436663
3.50140751316363e-08,0,3.50140751316363e-08,0.1407513163629936,3.50140751316363e-08,0.8592486836370063,3.50140751316363e-08,0.0003751692742478416,3.50140751316363e-08,0.9978856500238683
3.50275993187411e-08,0,3.50275993187411e-08,0.275993187410961,3.50275993187411e-08,0.724006812589039,3.50275993187411e-08,0.0003277902293788362,3.50275993187411e-08,0.9977306152917927
3.504264183935205e-08,0,3.504264183935205e-08,0.4264183935204057,3.504264183935205e-08,0.5735816064795942,3.504264183935205e-08,0.0003161562018273267,3.504264183935205e-08,0.9975743399478174
3.505974937568089e-08,0,3.505974937568089e-08,0.5974937568088559,3.505974937568089e-08,0.4025062431911441,3.505974937568089e-08,0.0003037503919594538,3.505974937568089e-08,0.9973941425240537
3.506478070372078e-08,0,3.506478070372078e-08,0.6478070372077717,3.506478070372078e-08,0.3521929627922283,3.506478070372078e-08,0.0002972743268218069,3.506478070372078e-08,0.9973357435613491
3.507484335980057e-08,0,3.507484335980057e-08,0.7484335980056034,3.507484335980057e-08,0.2515664019943966,3.507484335980057e-08,0.0002564714978079371,3.507484335980057e-08,0.9966507745822865
3.508742167990029e-08,0,3.508742167990029e-08,0.8742167990028599,3.508742167990029e-08,0.1257832009971401,3.508742167990029e-08,-0.0007301712004667456,3.508742167990029e-08,0.9701139843982101
3.510000000000001e-08,0,3.510000000000001e-08,1,3.510000000000001e-08,0,3.510000000000001e-08,-0.002984875199294319,3.510000000000001e-08,0.8901496690683179
3.510088064630874e-08,0,3.510088064630874e-08,1,3.510088064630874e-08,0,3.510088064630874e-08,-0.002467696950350001,3.510088064630874e-08,0.8856002670005114
3.510264193892619e-08,0,3.510264193892619e-08,1,3.510264193892619e-08,0,3.510264193892619e-08,-0.001159236058643776,3.510264193892619e-08,0.8802136541562171
3.51061645241611e-08,0,3.51061645241611e-08,1,3.51061645241611e-08,0,3.51061645241611e-08,0.0001782485972948986,3.51061645241611e-08,0.8773825890829799
3.511320969463091e-08,0,3.511320969463091e-08,1,3.511320969463091e-08,0,3.511320969463091e-08,0.0001103384197881244,3.511320969463091e-08,0.879187879906092
3.512159635494933e-08,0,3.512159635494933e-08,1,3.512159635494933e-08,0,3.512159635494933e-08,-2.51443659704002e-05,3.512159635494933e-08,0.8800385610342372
3.513755910668074e-08,0,3.513755910668074e-08,1,3.513755910668074e-08,0,3.513755910668074e-08,-3.542768725503428e-05,3.513755910668074e-08,0.876978436048655
3.514554048254644e-08,0,3.514554048254644e-08,1,3.514554048254644e-08,0,3.514554048254644e-08,0.0001214482223336119,3.514554048254644e-08,0.8783603725843951
3.516150323427784e-08,0,3.516150323427784e-08,1,3.516150323427784e-08,0,3.516150323427784e-08,4.10380255717927e-05,3.516150323427784e-08,0.8797997777317046
3.519342873774065e-08,0,3.519342873774065e-08,1,3.519342873774065e-08,0,3.519342873774065e-08,6.124820719341159e-07,3.519342873774065e-08,0.8788455425786029
3.525727974466626e-08,0,3.525727974466626e-08,1,3.525727974466626e-08,0,3.525727974466626e-08,8.067797323444399e-05,3.525727974466626e-08,0.879452501246171
3.534216797202234e-08,0,3.534216797202234e-08,1,3.534216797202234e-08,0,3.534216797202234e-08,4.146114555845457e-05,3.534216797202234e-08,0.8792713695550736
3.551194442673448e-08,0,3.551194442673448e-08,1,3.551194442673448e-08,0,3.551194442673448e-08,3.295058377800414e-05,3.551194442673448e-08,0.8772561731591931
3.585149733615877e-08,0,3.585149733615877e-08,1,3.585149733615877e-08,0,3.585149733615877e-08,4.668386911386001e-05,3.585149733615877e-08,0.8767739277637024
3.647526421205057e-08,0,3.647526421205057e-08,1,3.647526421205057e-08,0,3.647526421205057e-08,4.023133403812689e-05,3.647526421205057e-08,0.8808976660179523
3.693763210602528e-08,0,3.693763210602528e-08,1,3.693763210602528e-08,0,3.693763210602528e-08,3.633371192620955e-05,3.693763210602528e-08,0.8798812110812746
3.74e-08,0,3.74e-08,1,3.74e-08,0,3.74e-08,4.021765427468527e-05,3.74e-08,0.8764683877198718
3.74125e-08,0.2499999999999278,3.74125e-08,1,3.74125e-08,0,3.74125e-08,0.0006619035775088756,3.74125e-08,0.8765494507620989
3.743124999999999e-08,0.6249999999998236,3.743124999999999e-08,1,3.743124999999999e-08,0,3.743124999999999e-08,0.01484512248192598,3.743124999999999e-08,0.8419969996188095
3.744999999999999e-08,0.9999999999998518,3.744999999999999e-08,1,3.744999999999999e-08,0,3.744999999999999e-08,0.06452041218614259,3.744999999999999e-08,0.6737735400223137
3.745523565937432e-08,1,3.745523565937432e-08,1,3.745523565937432e-08,0,3.745523565937432e-08,0.0841888368561098,3.745523565937432e-08,0.6243889602492745
3.746570697812297e-08,1,3.746570697812297e-08,1,3.746570697812297e-08,0,3.746570697812297e-08,0.1595078132586784,3.746570697812297e-08,0.5349992555887888
3.747442517694152e-08,1,3.747442517694152e-08,1,3.747442517694152e-08,0,3.747442517694152e-08,0.3409452316662605,3.747442517694152e-08,0.4020378663358355
3.748496004678614e-08,1,3.748496004678614e-08,1,3.748496004678614e-08,0,3.748496004678614e-08,0.666946081839187,3.748496004678614e-08,0.06752237009045425
3.74872314554181e-08,1,3.74872314554181e-08,1,3.74872314554181e-08,0,3.74872314554181e-08,0.7537319468941924,3.74872314554181e-08,0.03193418093280814
3.7491774272682e-08,1,3.7491774272682e-08,1,3.7491774272682e-08,0,3.7491774272682e-08,0.8917415402548726,3.7491774272682e-08,0.005172461228163549
3.749716903288025e-08,1,3.749716903288025e-08,1,3.749716903288025e-08,0,3.749716903288025e-08,0.9706344120915572,3.749716903288025e-08,0.001116855973850551
3.750379266305961e-08,1,3.750379266305961e-08,1,3.750379266305961e-08,0,3.750379266305961e-08,0.9947249736716001,3.750379266305961e-08,0.0008025367681965935
3.751064683459848e-08,1,3.751064683459848e-08,1,3.751064683459848e-08,0,3.751064683459848e-08,1.001367450457223,3.751064683459848e-08,4.504779769075139e-05
3.751921628345569e-08,1,3.751921628345569e-08,1,3.751921628345569e-08,0,3.751921628345569e-08,0.9999328808995958,3.751921628345569e-08,-0.0001139788710992723
3.7532207572988e-08,1,3.7532207572988e-08,1,3.7532207572988e-08,0,3.7532207572988e-08,0.9997030279675763,3.7532207572988e-08,8.940967983508648e-06
3.755253781113586e-08,1,3.755253781113586e-08,1,3.755253781113586e-08,0,3.755253781113586e-08,1.000065718870148,3.755253781113586e-08,1.033902218365666e-05
3.759319828743157e-08,1,3.759319828743157e-08,1,3.759319828743157e-08,0,3.759319828743157e-08,1.000027384009825,3.759319828743157e-08,-1.668436524684914e-06
3.767451924002299e-08,1,3.767451924002299e-08,1,3.767451924002299e-08,0,3.767451924002299e-08,0.999923353594222,3.767451924002299e-08,8.382080367000708e-06
3.783716114520582e-08,1,3.783716114520582e-08,1,3.783716114520582e-08,0,3.783716114520582e-08,0.9999586211053223,3.783716114520582e-08,3.978766427027415e-06
3.81624449555715e-08,1,3.81624449555715e-08,1,3.81624449555715e-08,0,3.81624449555715e-08,0.9999697353186175,3.81624449555715e-08,3.201111721199063e-06
3.881301257630286e-08,1,3.881301257630286e-08,1,3.881301257630286e-08,0,3.881301257630286e-08,0.9999643939704027,3.881301257630286e-08,3.605770242014901e-06
3.935650628815143e-08,1,3.935650628815143e-08,1,3.935650628815143e-08,0,3.935650628815143e-08,0.9999639509805599,3.935650628815143e-08,3.647555805384551e-06
3.99e-08,1,3.99e-08,1,3.99e-08,0,3.99e-08,0.9999641631078267,3.99e-08,3.627371043237979e-06
3.9925e-08,0.5000000000000948,3.9925e-08,1,3.9925e-08,0,3.9925e-08,0.9983800373069401,3.9925e-08,-0.0005211305525403234
3.995e-08,5.728750807065808e-14,3.995e-08,1,3.995e-08,0,3.995e-08,0.9962184031596419,3.995e-08,-0.0002950987431658271
3.995790284496438e-08,0,3.995790284496438e-08,1,3.995790284496438e-08,0,3.995790284496438e-08,0.9986418874385236,3.995790284496438e-08,7.165360857726166e-05
3.997108618205226e-08,0,3.997108618205226e-08,1,3.997108618205226e-08,0,3.997108618205226e-08,1.000177336666945,3.997108618205226e-08,2.635968372088221e-05
3.998153317820149e-08,0,3.998153317820149e-08,1,3.998153317820149e-08,0,3.998153317820149e-08,1.000186014344761,3.998153317820149e-08,-9.739847168531109e-06
4e-08,0,4e-08,1,4e-08,0,4e-08,0.9998942568925471,4e-08,5.631453259676673e-06
