/BL X,/BL Y,/BL_b X,/BL_b Y,/word X,/word Y,/Q X,/Q Y,/Q_b X,/Q_b Y
0,0.4999998747317867,0,0.4999998740297282,0,0,0,0.9999999735962297,0,1.595646553514885e-08
4e-11,0.4992726771032235,4e-11,0.4992625007331733,4e-11,0,4e-11,0.9999636557990478,4e-11,3.2616840194365e-06
1e-10,0.4986213484887472,1e-10,0.4986044745523476,1e-10,0,1e-10,0.9999612586202232,1e-10,3.848825582951594e-06
2.2e-10,0.4980649404072963,2.2e-10,0.4980467655538667,2.2e-10,0,2.2e-10,0.9999625575268474,2.2e-10,4.06869786003043e-06
4.6e-10,0.4975978282164459,4.6e-10,0.4975828321169121,4.6e-10,0,4.6e-10,0.9999639541988754,4.6e-10,4.234945094728925e-06
9.400000000000001e-10,0.497553412412012,9.400000000000001e-10,0.4975416408478541,9.400000000000001e-10,0,9.400000000000001e-10,0.9999640727005511,9.400000000000001e-10,4.244657940275235e-06
1.74e-09,0.4977158930612738,1.74e-09,0.4977017948779408,1.74e-09,0,1.74e-09,0.999963574546077,1.74e-09,4.187570974774077e-06
2.4e-09,0.4976647546509342,2.4e-09,0.4976509408876464,2.4e-09,0,2.4e-09,0.999963715217966,2.4e-09,4.203940433907813e-06
2.412500000000001e-09,0.5038710765163313,2.412500000000001e-09,0.5030923668151607,2.412500000000001e-09,0.2500000000000022,2.412500000000001e-09,1.00280480224786,2.412500000000001e-09,0.0004973272999427527
2.431250000000001e-09,0.5115939520534815,2.431250000000001e-09,0.4333971332090882,2.431250000000001e-09,0.6250000000000056,2.431250000000001e-09,1.003287389619664,2.431250000000001e-09,0.009517560983950051
2.45e-09,0.568202712600469,2.45e-09,0.1874879316241745,2.45e-09,1,2.45e-09,0.9851699186435887,2.45e-09,0.01966551715142039
2.45834403290388e-09,0.5906189636807042,2.45834403290388e-09,0.09222263213880308,2.45834403290388e-09,1,2.45834403290388e-09,0.9818295260026385,2.45834403290388e-09,0.01204133981519087
2.469782120398391e-09,0.6160534320088702,2.469782120398391e-09,0.01633036357409004,2.469782120398391e-09,1,2.469782120398391e-09,0.9831667483858186,2.469782120398391e-09,0.002814632745927406
2.478774893515326e-09,0.6305754479124148,2.478774893515326e-09,-0.001103842060277237,2.478774893515326e-09,1,2.478774893515326e-09,0.9872432523086359,2.478774893515326e-09,0.0001395734751866639
2.496760439749196e-09,0.6502426590813496,2.496760439749196e-09,0.0001159285432552083,2.496760439749196e-09,1,2.496760439749196e-09,0.9930272948180747,2.496760439749196e-09,-2.266551763468093e-05
2.512529736218416e-09,0.6618306290471511,2.512529736218416e-09,0.0003532592097411239,2.512529736218416e-09,1,2.512529736218416e-09,0.994600785636541,2.512529736218416e-09,7.501483567004603e-06
2.536320537502241e-09,0.6726381591487718,2.536320537502241e-09,-6.572676292762483e-05,2.536320537502241e-09,1,2.536320537502241e-09,0.9953942618327749,2.536320537502241e-09,5.286270621418314e-05
2.583902140069889e-09,0.6840954662498046,2.583902140069889e-09,-5.070473748213086e-05,2.583902140069889e-09,1,2.583902140069889e-09,0.996713461641707,2.583902140069889e-09,3.648414728800404e-06
2.66383344571461e-09,0.6880652913080594,2.66383344571461e-09,2.255284875839767e-05,2.66383344571461e-09,1,2.66383344571461e-09,0.9970586627768685,2.66383344571461e-09,6.151323830791964e-06
2.779012079429766e-09,0.6888178482681983,2.779012079429766e-09,1.011631873770607e-05,2.779012079429766e-09,1,2.779012079429766e-09,0.9970101536440437,2.779012079429766e-09,4.325564064083794e-06
2.9449309321201e-09,0.6880319625724789,2.9449309321201e-09,2.531832990594314e-06,2.9449309321201e-09,1,2.9449309321201e-09,0.9969836740508415,2.9449309321201e-09,4.832724389705467e-06
3.24968246110014e-09,0.6881085079992045,3.24968246110014e-09,5.76336538910614e-06,3.24968246110014e-09,1,3.24968246110014e-09,0.9969908798229844,3.24968246110014e-09,4.590770346425855e-06
3.85918551906022e-09,0.6882999152838403,3.85918551906022e-09,6.246761428246335e-06,3.85918551906022e-09,1,3.85918551906022e-09,0.9969410519358974,3.85918551906022e-09,4.519749138134031e-06
4.37959275953011e-09,0.6881226673728272,4.37959275953011e-09,6.069614418348452e-06,4.37959275953011e-09,1,4.37959275953011e-09,0.9969469285778879,4.37959275953011e-09,4.604115117429642e-06
4.9e-09,0.6880740126358863,4.9e-09,6.017652417072127e-06,4.9e-09,1,4.9e-09,0.996943993783312,4.9e-09,4.562942975288724e-06
4.924999999999999e-09,0.6722850698948868,4.924999999999999e-09,-0.009762270637574807,4.924999999999999e-09,0.5000000000000121,4.924999999999999e-09,0.997756028310031,4.924999999999999e-09,-0.0008854496705480789
4.95e-09,0.6285527160742685,4.95e-09,0.009395644391481137,4.95e-09,7.66053886991358e-15,4.95e-09,0.9959674042740678,4.95e-09,-0.0002756743886003638
4.957910854964477e-09,0.6132036257449568,4.957910854964477e-09,0.02760008575401397,4.957910854964477e-09,0,4.957910854964477e-09,0.9982590283433478,4.957910854964477e-09,0.0001480760977339504
4.971103573742804e-09,0.5905904474256167,4.971103573742804e-09,0.0571710038417286,4.971103573742804e-09,0,4.971103573742804e-09,0.9997438780257362,4.971103573742804e-09,0.00011260081077195
4.981558443077182e-09,0.5763569222630938,4.981558443077182e-09,0.07949479971320417,4.981558443077182e-09,0,4.981558443077182e-09,0.9998389918530297,4.981558443077182e-09,7.382005401391817e-05
5.000000000000001e-09,0.5573598748084769,5.000000000000001e-09,0.1166378682394962,5.000000000000001e-09,0,5.000000000000001e-09,0.9996760707607989,5.000000000000001e-09,7.537332293584369e-05
5.036883113845639e-09,0.5382562487609837,5.036883113845639e-09,0.179955465182469,5.036883113845639e-09,0,5.036883113845639e-09,0.9998181533951138,5.036883113845639e-09,6.643568669623935e-05
5.100000000000001e-09,0.5149967359546602,5.100000000000001e-09,0.2754435345654824,5.100000000000001e-09,0,5.100000000000001e-09,0.9999113244330839,5.100000000000001e-09,4.680948692568039e-05
5.161438848371022e-09,0.5081143452428406,5.161438848371022e-09,0.3435585591864269,5.161438848371022e-09,0,5.161438848371022e-09,0.9999337598069242,5.161438848371022e-09,4.105897751284069e-05
5.192158272556533e-09,0.5049601838783628,5.192158272556533e-09,0.3747742002224836,5.192158272556533e-09,0,5.192158272556533e-09,0.9999397573586385,5.192158272556533e-09,3.37672157521875e-05
5.253597120927555e-09,0.5010115237709123,5.253597120927555e-09,0.4244001637775014,5.253597120927555e-09,0,5.253597120927555e-09,0.9999528532842864,5.253597120927555e-09,2.538100314282963e-05
5.376474817669597e-09,0.4982918965077812,5.376474817669597e-09,0.4780572695856944,5.376474817669597e-09,0,5.376474817669597e-09,0.9999624140361982,5.376474817669597e-09,1.068949215533259e-05
5.436502165025693e-09,0.4978623042023765,5.436502165025693e-09,0.4888475477560294,5.436502165025693e-09,0,5.436502165025693e-09,0.9999631792813796,5.436502165025693e-09,7.158351715550973e-06
5.556556859737884e-09,0.4976890069944964,5.556556859737884e-09,0.4958196514524525,5.556556859737884e-09,0,5.556556859737884e-09,0.9999635369442442,5.556556859737884e-09,4.887976551351005e-06
5.603628396520754e-09,0.4976659084786414,5.603628396520754e-09,0.496790692935142,5.603628396520754e-09,0,5.603628396520754e-09,0.9999636894277714,5.603628396520754e-09,4.527698605589065e-06
5.697771470086494e-09,0.4976520749871136,5.697771470086494e-09,0.4973776800190132,5.697771470086494e-09,0,5.697771470086494e-09,0.9999637586745859,5.697771470086494e-09,4.282891193043052e-06
5.886057617217973e-09,0.4976436781857194,5.886057617217973e-09,0.4977746513954315,5.886057617217973e-09,0,5.886057617217973e-09,0.9999637782648496,5.886057617217973e-09,4.190224401049823e-06
6.262629911480931e-09,0.4976465051307756,6.262629911480931e-09,0.4975926392777713,6.262629911480931e-09,0,6.262629911480931e-09,0.9999637643162362,6.262629911480931e-09,4.200084470370399e-06
6.831314955740465e-09,0.4976462443829572,6.831314955740465e-09,0.4976265172465957,6.831314955740465e-09,0,6.831314955740465e-09,0.9999637677778532,6.831314955740465e-09,4.222047300587746e-06
7.4e-09,0.4976455102973784,7.4e-09,0.4976359850620555,7.4e-09,0,7.4e-09,0.9999637697442,7.4e-09,4.199148174940109e-06
7.4125e-09,0.5038516201862048,7.4125e-09,0.5030771887261151,7.4125e-09,0.2499999999999939,7.4125e-09,1.002804813168245,7.4125e-09,0.0004973226207435711
7.43125e-09,0.5115748607247532,7.43125e-09,0.4333845579195362,7.43125e-09,0.624999999999989,7.43125e-09,1.003287538131392,7.43125e-09,0.009517455205574567
7.45e-09,0.5681908146968661,7.45e-09,0.1874813069931341,7.45e-09,0.9999999999999841,7.45e-09,0.9851675385913697,7.45e-09,0.019664993290429
7.458344032016664e-09,0.5906099849594715,7.458344032016664e-09,0.09221901393378941,7.458344032016664e-09,1,7.458344032016664e-09,0.9818272972661169,7.458344032016664e-09,0.0120409596858756
7.469782119831766e-09,0.6160475123613928,7.469782119831766e-09,0.01632954449228265,7.469782119831766e-09,1,7.469782119831766e-09,0.9831651554398666,7.469782119831766e-09,0.00281452065325603
7.478774893384565e-09,0.6305710339860496,7.478774893384565e-09,-0.001103903249812773,7.478774893384565e-09,1,7.478774893384565e-09,0.9872422133672282,7.478774893384565e-09,0.000139577201061755
7.496760440490162e-09,0.6502399468426542,7.496760440490162e-09,0.0001159727731732079,7.496760440490162e-09,1,7.496760440490162e-09,0.9930268861717678,7.496760440490162e-09,-2.265694405259187e-05
7.512529903860809e-09,0.6618289235736934,7.512529903860809e-09,0.0003532835553633159,7.512529903860809e-09,1,7.512529903860809e-09,0.9946005863992722,7.512529903860809e-09,7.506900093045893e-06
7.536321020878851e-09,0.6726372741621665,7.536321020878851e-09,-6.573301276988997e-05,7.536321020878851e-09,1,7.536321020878851e-09,0.9953941580000926,7.536321020878851e-09,5.286215625036587e-05
7.583903254914935e-09,0.6840953675432743,7.583903254914935e-09,-5.071050350545286e-05,7.583903254914935e-09,1,7.583903254914935e-09,0.9967134931591989,7.583903254914935e-09,3.648116386669131e-06
7.663832051253515e-09,0.6880652144830109,7.663832051253515e-09,2.255853306268622e-05,7.663832051253515e-09,1,7.663832051253515e-09,0.9970586241786514,7.663832051253515e-09,6.150792998915462e-06
7.779008107040365e-09,0.6888178421071871,7.779008107040365e-09,1.011780589967414e-05,7.779008107040365e-09,1,7.779008107040365e-09,0.9970101496798564,7.779008107040365e-09,4.326009693211144e-06
7.944921583416869e-09,0.6880319604318312,7.944921583416869e-09,2.530621965659034e-06,7.944921583416869e-09,1,7.944921583416869e-09,0.9969836756523088,7.944921583416869e-09,4.832332644016486e-06
8.249665843859527e-09,0.6881085178308552,8.249665843859527e-09,5.763229562648149e-06,8.249665843859527e-09,1,8.249665843859527e-09,0.996990884035123,8.249665843859527e-09,4.590745870964231e-06
8.859154364744842e-09,0.6882999175250603,8.859154364744842e-09,6.246879369653627e-06,8.859154364744842e-09,1,8.859154364744842e-09,0.9969410495936056,8.859154364744842e-09,4.519766238969994e-06
9.37957718237242e-09,0.6881226671724536,9.37957718237242e-09,6.069622587614734e-06,9.37957718237242e-09,1,9.37957718237242e-09,0.9969469285019199,9.37957718237242e-09,4.604120138645357e-06
9.899999999999999e-09,0.6880740126040924,9.899999999999999e-09,6.0176449643196e-06,9.899999999999999e-09,1,9.899999999999999e-09,0.9969439938564657,9.899999999999999e-09,4.562938345891247e-06
9.925e-09,0.6722850698756976,9.925e-09,-0.009762270641327984,9.925e-09,0.5000000000000286,9.925e-09,0.9977560283216111,9.925e-09,-0.0008854496715692015
9.95e-09,0.6285527189056616,9.95e-09,0.009395643945635728,9.95e-09,2.420286193682841e-14,9.95e-09,0.9959674042975994,9.95e-09,-0.0002756743833395956
9.957910855587298e-09,0.6132036271429209,9.957910855587298e-09,0.02760008671549579,9.957910855587298e-09,0,9.957910855587298e-09,0.9982590284085142,9.957910855587298e-09,0.0001480760957963831
9.97110357509502e-09,0.5905904473738117,9.97110357509502e-09,0.05717100635250381,9.97110357509502e-09,0,9.97110357509502e-09,0.9997438780471767,9.97110357509502e-09,0.000112600805865294
9.981558445041534e-09,0.5763569214370586,9.981558445041534e-09,0.07949480340225044,9.981558445041534e-09,0,9.981558445041534e-09,0.999838991854877,9.981558445041534e-09,7.382005263268971e-05
1e-08,0.5573598759677473,1e-08,0.1166378678506988,1e-08,0,1e-08,0.9996760707640516,1e-08,7.537332291673244e-05
1.003688310991693e-08,0.5382562506178256,1.003688310991693e-08,0.1799554588643683,1.003688310991693e-08,0,1.003688310991693e-08,0.9998181533857859,1.003688310991693e-08,6.643568758669151e-05
1.01e-08,0.5149967356849028,1.01e-08,0.275443534887348,1.01e-08,0,1.01e-08,0.9999113244362029,1.01e-08,4.680948698238112e-05
1.016143885179581e-08,0.5081143449682523,1.016143885179581e-08,0.3435585626832633,1.016143885179581e-08,0,1.016143885179581e-08,0.9999337598087316,1.016143885179581e-08,4.105897714980545e-05
1.019215827769371e-08,0.5049601835496927,1.019215827769371e-08,0.3747742049189868,1.019215827769371e-08,0,1.019215827769371e-08,0.9999397573592832,1.019215827769371e-08,3.376721485259419e-05
1.025359712948952e-08,0.5010115234587779,1.025359712948952e-08,0.4244001693808148,1.025359712948952e-08,0,1.025359712948952e-08,0.9999528532851543,1.025359712948952e-08,2.538100186961002e-05
1.037647483308115e-08,0.4982918963746658,1.037647483308115e-08,0.4780572734397881,1.037647483308115e-08,0,1.037647483308115e-08,0.9999624140367724,1.037647483308115e-08,1.068949095034661e-05
1.043650217797871e-08,0.4978623041606333,1.043650217797871e-08,0.4888475495216978,1.043650217797871e-08,0,1.043650217797871e-08,0.9999631792815252,1.043650217797871e-08,7.158351148230024e-06
1.055655686777384e-08,0.4976890069904255,1.055655686777384e-08,0.4958196516698425,1.055655686777384e-08,0,1.055655686777384e-08,0.9999635369442482,1.055655686777384e-08,4.887976460956921e-06
1.060362840727788e-08,0.4976659084761717,1.060362840727788e-08,0.496790693071312,1.060362840727788e-08,0,1.060362840727788e-08,0.9999636894277796,1.060362840727788e-08,4.527698557636302e-06
1.069777148628594e-08,0.4976520749858145,1.069777148628594e-08,0.4973776800824625,1.069777148628594e-08,0,1.069777148628594e-08,0.9999637586745904,1.069777148628594e-08,4.282891170157715e-06
1.088605764430208e-08,0.4976436781856238,1.088605764430208e-08,0.4977746513898664,1.088605764430208e-08,0,1.088605764430208e-08,0.9999637782648497,1.088605764430208e-08,4.190224399060608e-06
1.126262996033434e-08,0.4976465051308614,1.126262996033434e-08,0.4975926392745761,1.126262996033434e-08,0,1.126262996033434e-08,0.9999637643162362,1.126262996033434e-08,4.200084474367133e-06
1.183131498016717e-08,0.4976462443829608,1.183131498016717e-08,0.4976265172351298,1.183131498016717e-08,0,1.183131498016717e-08,0.9999637677778531,1.183131498016717e-08,4.222047298918471e-06
1.24e-08,0.497645510297384,1.24e-08,0.4976359850677487,1.24e-08,0,1.24e-08,0.9999637697442001,1.24e-08,4.199148178614294e-06
1.24125e-08,0.503851620186212,1.24125e-08,0.5030771887318976,1.24125e-08,0.250000000000027,1.24125e-08,1.002804813168245,1.24125e-08,0.0004973226207452094
1.243125e-08,0.511574860724784,1.243125e-08,0.4333845579259577,1.243125e-08,0.6250000000000221,1.243125e-08,1.003287538131466,1.243125e-08,0.009517455205614977
1.245e-08,0.5681908146968961,1.245e-08,0.1874813069970882,1.245e-08,1,1.245e-08,0.9851675385914166,1.245e-08,0.01966499329069336
1.245834403201663e-08,0.5906099849594275,1.245834403201663e-08,0.092219013936259,1.245834403201663e-08,1,1.245834403201663e-08,0.9818272972661199,1.245834403201663e-08,0.01204095968611944
1.246978211983173e-08,0.6160475123613492,1.246978211983173e-08,0.01632954449287934,1.246978211983173e-08,1,1.246978211983173e-08,0.9831651554398311,1.246978211983173e-08,0.002814520653379077
1.247877489338453e-08,0.6305710339860116,1.247877489338453e-08,-0.001103903249733141,1.247877489338453e-08,1,1.247877489338453e-08,0.9872422133671933,1.247877489338453e-08,0.0001395772010811397
1.249676044049012e-08,0.6502399468426251,1.249676044049012e-08,0.0001159727731456386,1.249676044049012e-08,1,1.249676044049012e-08,0.993026886171768,1.249676044049012e-08,-2.265694405632322e-05
1.251252990386065e-08,0.6618289235735982,1.251252990386065e-08,0.0003532835553408489,1.251252990386065e-08,1,1.251252990386065e-08,0.9946005863992642,1.251252990386065e-08,7.506900088942635e-06
1.253632102087848e-08,0.6726372741620332,1.253632102087848e-08,-6.573301276318689e-05,1.253632102087848e-08,1,1.253632102087848e-08,0.9953941580000775,1.253632102087848e-08,5.286215625181052e-05
1.258390325491414e-08,0.6840953675431566,1.258390325491414e-08,-5.071050349924689e-05,1.258390325491414e-08,1,1.258390325491414e-08,0.996713493159183,1.258390325491414e-08,3.648116387531641e-06
1.266383205125246e-08,0.6880652144829943,1.266383205125246e-08,2.255853305914522e-05,1.266383205125246e-08,1,1.266383205125246e-08,0.9970586241786545,1.266383205125246e-08,6.150792998436136e-06
1.277900810703891e-08,0.6888178421072024,1.277900810703891e-08,1.011780589894182e-05,1.277900810703891e-08,1,1.277900810703891e-08,0.9970101496798582,1.277900810703891e-08,4.326009693065358e-06
1.294492158341476e-08,0.6880319604318306,1.294492158341476e-08,2.530621966221301e-06,1.294492158341476e-08,1,1.294492158341476e-08,0.9969836756523102,1.294492158341476e-08,4.832332644135128e-06
1.32496658438543e-08,0.6881085178308564,1.32496658438543e-08,5.76322956277245e-06,1.32496658438543e-08,1,1.32496658438543e-08,0.9969908840351249,1.32496658438543e-08,4.590745870960022e-06
1.385915436473339e-08,0.6882999175250674,1.385915436473339e-08,6.246879369577136e-06,1.385915436473339e-08,1,1.385915436473339e-08,0.9969410495936049,1.385915436473339e-08,4.519766239052767e-06
1.43795771823667e-08,0.6881226671724546,1.43795771823667e-08,6.069622587661825e-06,1.43795771823667e-08,1,1.43795771823667e-08,0.9969469285019199,1.43795771823667e-08,4.604120138699084e-06
1.49e-08,0.6880740126040914,1.49e-08,6.01764496424874e-06,1.49e-08,1,1.49e-08,0.9969439938564657,1.49e-08,4.562938345810846e-06
1.4925e-08,0.672285069875695,1.4925e-08,-0.009762270641331304,1.4925e-08,0.4999999999999625,1.4925e-08,0.9977560283216109,1.4925e-08,-0.0008854496715692315
1.495e-08,0.6285527189056616,1.495e-08,0.009395643945635204,1.495e-08,0,1.495e-08,0.9959674042975994,1.495e-08,-0.0002756743833393221
1.49579108555873e-08,0.6132036271429214,1.49579108555873e-08,0.02760008671549605,1.49579108555873e-08,0,1.49579108555873e-08,0.9982590284085145,1.49579108555873e-08,0.0001480760957964373
1.497110357509502e-08,0.5905904473738092,1.497110357509502e-08,0.05717100635250699,1.497110357509502e-08,0,1.497110357509502e-08,0.9997438780471769,1.497110357509502e-08,0.0001126008058652465
1.498155844504154e-08,0.5763569214370583,1.498155844504154e-08,0.07949480340224994,1.498155844504154e-08,0,1.498155844504154e-08,0.9998389918548777,1.498155844504154e-08,7.382005263269209e-05
1.5e-08,0.5573598759677473,1.5e-08,0.1166378678506985,1.5e-08,0,1.5e-08,0.999676070764051,1.5e-08,7.537332291666216e-05
1.503688310991693e-08,0.538256250617825,1.503688310991693e-08,0.179955458864368,1.503688310991693e-08,0,1.503688310991693e-08,0.9998181533857859,1.503688310991693e-08,6.643568758669209e-05
1.51e-08,0.5149967356849011,1.51e-08,0.2754435348873499,1.51e-08,0,1.51e-08,0.9999113244362029,1.51e-08,4.680948698234907e-05
1.516143885179581e-08,0.5081143449682513,1.516143885179581e-08,0.3435585626832554,1.516143885179581e-08,0,1.516143885179581e-08,0.9999337598087316,1.516143885179581e-08,4.10589771498062e-05
1.519215827769372e-08,0.504960183549692,1.519215827769372e-08,0.3747742049189799,1.519215827769372e-08,0,1.519215827769372e-08,0.9999397573592832,1.519215827769372e-08,3.376721485264111e-05
1.525359712948953e-08,0.5010115234587776,1.525359712948953e-08,0.42440016938081,1.525359712948953e-08,0,1.525359712948953e-08,0.9999528532851543,1.525359712948953e-08,2.538100186954936e-05
1.537647483308115e-08,0.4982918963746658,1.537647483308115e-08,0.478057273439786,1.537647483308115e-08,0,1.537647483308115e-08,0.9999624140367724,1.537647483308115e-08,1.068949095033228e-05
1.543650217797872e-08,0.4978623041606335,1.543650217797872e-08,0.4888475495216978,1.543650217797872e-08,0,1.543650217797872e-08,0.9999631792815254,1.543650217797872e-08,7.158351148191887e-06
1.555655686777387e-08,0.4976890069904253,1.555655686777387e-08,0.4958196516698429,1.555655686777387e-08,0,1.555655686777387e-08,0.999963536944248,1.555655686777387e-08,4.887976461056721e-06
1.56036284072779e-08,0.4976659084761716,1.56036284072779e-08,0.4967906930713121,1.56036284072779e-08,0,1.56036284072779e-08,0.9999636894277795,1.56036284072779e-08,4.527698557687568e-06
1.569777148628598e-08,0.4976520749858144,1.569777148628598e-08,0.4973776800824633,1.569777148628598e-08,0,1.569777148628598e-08,0.9999637586745906,1.569777148628598e-08,4.282891170119217e-06
1.588605764430213e-08,0.4976436781856239,1.588605764430213e-08,0.4977746513898669,1.588605764430213e-08,0,1.588605764430213e-08,0.9999637782648497,1.588605764430213e-08,4.190224399024465e-06
1.626262996033442e-08,0.4976465051308615,1.626262996033442e-08,0.4975926392745759,1.626262996033442e-08,0,1.626262996033442e-08,0.9999637643162362,1.626262996033442e-08,4.200084474480252e-06
1.683131498016721e-08,0.497646244382961,1.683131498016721e-08,0.4976265172351296,1.683131498016721e-08,0,1.683131498016721e-08,0.9999637677778532,1.683131498016721e-08,4.222047298950307e-06
1.74e-08,0.4976455102973838,1.74e-08,0.4976359850677486,1.74e-08,0,1.74e-08,0.9999637697442,1.74e-08,4.199148178613166e-06
1.74125e-08,0.5038516201862125,1.74125e-08,0.5030771887318978,1.74125e-08,0.2500000000000601,1.74125e-08,1.002804813168245,1.74125e-08,0.0004973226207453447
1.743125000000001e-08,0.5115748607247859,1.743125000000001e-08,0.4333845579259213,1.743125000000001e-08,0.6250000000000883,1.743125000000001e-08,1.003287538131466,1.743125000000001e-08,0.009517455205617767
1.745e-08,0.5681908146968949,1.745e-08,0.1874813069970662,1.745e-08,1,1.745e-08,0.9851675385914157,1.745e-08,0.01966499329069236
1.745834403201664e-08,0.5906099849594302,1.745834403201664e-08,0.09221901393623333,1.745834403201664e-08,1,1.745834403201664e-08,0.9818272972661213,1.745834403201664e-08,0.01204095968611745
1.746978211983173e-08,0.6160475123613508,1.746978211983173e-08,0.01632954449287334,1.746978211983173e-08,1,1.746978211983173e-08,0.9831651554398303,1.746978211983173e-08,0.002814520653377318
1.747877489338453e-08,0.6305710339860107,1.747877489338453e-08,-0.001103903249731255,1.747877489338453e-08,1,1.747877489338453e-08,0.9872422133671918,1.747877489338453e-08,0.0001395772010812524
1.749676044049011e-08,0.6502399468426215,1.749676044049011e-08,0.0001159727731454552,1.749676044049011e-08,1,1.749676044049011e-08,0.9930268861717683,1.749676044049011e-08,-2.265694405620899e-05
1.751252990386064e-08,0.661828923573595,1.751252990386064e-08,0.0003532835553405949,1.751252990386064e-08,1,1.751252990386064e-08,0.994600586399264,1.751252990386064e-08,7.506900088948991e-06
1.753632102087847e-08,0.6726372741620318,1.753632102087847e-08,-6.573301276285859e-05,1.753632102087847e-08,1,1.753632102087847e-08,0.9953941580000776,1.753632102087847e-08,5.286215625183849e-05
1.758390325491413e-08,0.6840953675431547,1.758390325491413e-08,-5.071050349889777e-05,1.758390325491413e-08,1,1.758390325491413e-08,0.9967134931591831,1.758390325491413e-08,3.648116387643477e-06
1.766383205125248e-08,0.6880652144829938,1.766383205125248e-08,2.255853305894702e-05,1.766383205125248e-08,1,1.766383205125248e-08,0.9970586241786545,1.766383205125248e-08,6.15079299828077e-06
1.77790081070389e-08,0.6888178421072015,1.77790081070389e-08,1.011780589894983e-05,1.77790081070389e-08,1,1.77790081070389e-08,0.997010149679858,1.77790081070389e-08,4.326009693106895e-06
1.794492158341476e-08,0.6880319604318332,1.794492158341476e-08,2.5306219663597e-06,1.794492158341476e-08,1,1.794492158341476e-08,0.9969836756523105,1.794492158341476e-08,4.832332644131023e-06
1.824966584385424e-08,0.6881085178308581,1.824966584385424e-08,5.763229562751687e-06,1.824966584385424e-08,1,1.824966584385424e-08,0.9969908840351249,1.824966584385424e-08,4.590745870942454e-06
1.88591543647332e-08,0.6882999175250634,1.88591543647332e-08,6.246879369622307e-06,1.88591543647332e-08,1,1.88591543647332e-08,0.9969410495936044,1.88591543647332e-08,4.51976623909106e-06
1.93795771823666e-08,0.6881226671724541,1.93795771823666e-08,6.069622587595257e-06,1.93795771823666e-08,1,1.93795771823666e-08,0.9969469285019199,1.93795771823666e-08,4.604120138628392e-06
1.99e-08,0.6880740126040722,1.99e-08,6.01764496423511e-06,1.99e-08,0.9999999999999338,1.99e-08,0.9969439938564678,1.99e-08,4.562938345874922e-06
1.9925e-08,0.6722850698756762,1.9925e-08,-0.009762270641329901,1.9925e-08,0.4999999999999625,1.9925e-08,0.9977560283216114,1.9925e-08,-0.0008854496715691841
1.995e-08,0.6285527189056469,1.995e-08,0.009395643945635974,1.995e-08,0,1.995e-08,0.9959674042975992,1.995e-08,-0.0002756743833394796
1.99579108555873e-08,0.6132036271429087,1.99579108555873e-08,0.02760008671549705,1.99579108555873e-08,0,1.99579108555873e-08,0.9982590284085145,1.99579108555873e-08,0.0001480760957964654
1.997110357509502e-08,0.5905904473738,1.997110357509502e-08,0.05717100635250802,1.997110357509502e-08,0,1.997110357509502e-08,0.999743878047177,1.997110357509502e-08,0.000112600805865188
1.998155844504153e-08,0.5763569214370516,1.998155844504153e-08,0.07949480340225068,1.998155844504153e-08,0,1.998155844504153e-08,0.9998389918548771,1.998155844504153e-08,7.382005263264807e-05
2e-08,0.5573598759677415,2e-08,0.1166378678506991,2e-08,0,2e-08,0.9996760707640516,2e-08,7.537332291673447e-05
2.003688310991693e-08,0.5382562506178219,2.003688310991693e-08,0.1799554588643684,2.003688310991693e-08,0,2.003688310991693e-08,0.9998181533857861,2.003688310991693e-08,6.643568758668508e-05
2.01e-08,0.5149967356849002,2.01e-08,0.2754435348873502,2.01e-08,0,2.01e-08,0.9999113244362028,2.01e-08,4.680948698235287e-05
2.016143885179581e-08,0.5081143449682506,2.016143885179581e-08,0.3435585626832554,2.016143885179581e-08,0,2.016143885179581e-08,0.9999337598087314,2.016143885179581e-08,4.105897714976113e-05
2.019215827769372e-08,0.5049601835496915,2.019215827769372e-08,0.3747742049189799,2.019215827769372e-08,0,2.019215827769372e-08,0.9999397573592829,2.019215827769372e-08,3.376721485260383e-05
2.025359712948953e-08,0.5010115234587774,2.025359712948953e-08,0.4244001693808099,2.025359712948953e-08,0,2.025359712948953e-08,0.9999528532851538,2.025359712948953e-08,2.538100186960507e-05
2.037647483308115e-08,0.4982918963746659,2.037647483308115e-08,0.478057273439786,2.037647483308115e-08,0,2.037647483308115e-08,0.999962414036773,2.037647483308115e-08,1.068949095039004e-05
2.043650217797872e-08,0.4978623041606337,2.043650217797872e-08,0.4888475495216978,2.043650217797872e-08,0,2.043650217797872e-08,0.9999631792815254,2.043650217797872e-08,7.158351148159618e-06
2.055655686777387e-08,0.4976890069904255,2.055655686777387e-08,0.495819651669843,2.055655686777387e-08,0,2.055655686777387e-08,0.9999635369442481,2.055655686777387e-08,4.887976461073899e-06
2.06036284072779e-08,0.4976659084761717,2.06036284072779e-08,0.4967906930713123,2.06036284072779e-08,0,2.06036284072779e-08,0.9999636894277795,2.06036284072779e-08,4.5276985576926e-06
2.069777148628598e-08,0.4976520749858144,2.069777148628598e-08,0.4973776800824634,2.069777148628598e-08,0,2.069777148628598e-08,0.9999637586745904,2.069777148628598e-08,4.282891170100624e-06
2.088605764430212e-08,0.4976436781856238,2.088605764430212e-08,0.4977746513898668,2.088605764430212e-08,0,2.088605764430212e-08,0.9999637782648497,2.088605764430212e-08,4.190224399025251e-06
2.126262996033442e-08,0.4976465051308616,2.126262996033442e-08,0.4975926392745757,2.126262996033442e-08,0,2.126262996033442e-08,0.9999637643162362,2.126262996033442e-08,4.200084474495859e-06
2.183131498016721e-08,0.4976462443829608,2.183131498016721e-08,0.4976265172351295,2.183131498016721e-08,0,2.183131498016721e-08,0.9999637677778531,2.183131498016721e-08,4.222047298930538e-06
2.24e-08,0.497645510297384,2.24e-08,0.4976359850677487,2.24e-08,0,2.24e-08,0.9999637697442001,2.24e-08,4.199148178600973e-06
2.24125e-08,0.5038516201862127,2.24125e-08,0.5030771887318977,2.24125e-08,0.2500000000000601,2.24125e-08,1.002804813168245,2.24125e-08,0.0004973226207453118
2.243125e-08,0.511574860724786,2.243125e-08,0.4333845579259211,2.243125e-08,0.6250000000000883,2.243125e-08,1.003287538131466,2.243125e-08,0.009517455205617748
2.245e-08,0.568190814696895,2.245e-08,0.1874813069970663,2.245e-08,1,2.245e-08,0.9851675385914157,2.245e-08,0.01966499329069237
2.245834403201664e-08,0.5906099849594303,2.245834403201664e-08,0.09221901393623377,2.245834403201664e-08,1,2.245834403201664e-08,0.9818272972661213,2.245834403201664e-08,0.01204095968611744
2.246978211983173e-08,0.6160475123613508,2.246978211983173e-08,0.01632954449287151,2.246978211983173e-08,1,2.246978211983173e-08,0.9831651554398303,2.246978211983173e-08,0.00281452065337703
2.247877489338453e-08,0.6305710339860107,2.247877489338453e-08,-0.001103903249732746,2.247877489338453e-08,1,2.247877489338453e-08,0.9872422133671918,2.247877489338453e-08,0.0001395772010809372
2.249676044049011e-08,0.6502399468426215,2.249676044049011e-08,0.0001159727731458356,2.249676044049011e-08,1,2.249676044049011e-08,0.9930268861717683,2.249676044049011e-08,-2.265694405606037e-05
2.251252990386064e-08,0.6618289235735951,2.251252990386064e-08,0.0003532835553409796,2.251252990386064e-08,1,2.251252990386064e-08,0.9946005863992641,2.251252990386064e-08,7.506900089055541e-06
2.253632102087847e-08,0.6726372741620315,2.253632102087847e-08,-6.573301276316282e-05,2.253632102087847e-08,1,2.253632102087847e-08,0.9953941580000775,2.253632102087847e-08,5.286215625176623e-05
2.258390325491413e-08,0.684095367543156,2.258390325491413e-08,-5.071050349927117e-05,2.258390325491413e-08,1,2.258390325491413e-08,0.9967134931591832,2.258390325491413e-08,3.648116387528226e-06
2.266383205125246e-08,0.6880652144829945,2.266383205125246e-08,2.25585330590819e-05,2.266383205125246e-08,1,2.266383205125246e-08,0.9970586241786541,2.266383205125246e-08,6.150792998386913e-06
2.277900810703891e-08,0.6888178421072025,2.277900810703891e-08,1.011780589894021e-05,2.277900810703891e-08,1,2.277900810703891e-08,0.9970101496798581,2.277900810703891e-08,4.326009693095453e-06
2.294492158341475e-08,0.6880319604318303,2.294492158341475e-08,2.530621966313838e-06,2.294492158341475e-08,1,2.294492158341475e-08,0.9969836756523103,2.294492158341475e-08,4.832332644127105e-06
2.324966584385427e-08,0.6881085178308565,2.324966584385427e-08,5.763229562772929e-06,2.324966584385427e-08,1,2.324966584385427e-08,0.996990884035125,2.324966584385427e-08,4.590745870958378e-06
2.38591543647333e-08,0.6882999175250688,2.38591543647333e-08,6.246879369557445e-06,2.38591543647333e-08,1,2.38591543647333e-08,0.9969410495936049,2.38591543647333e-08,4.519766239020157e-06
2.437957718236665e-08,0.688122667172455,2.437957718236665e-08,6.069622587736168e-06,2.437957718236665e-08,1,2.437957718236665e-08,0.9969469285019199,2.437957718236665e-08,4.604120138707185e-06
2.49e-08,0.6880740126040914,2.49e-08,6.017644964177203e-06,2.49e-08,1,2.49e-08,0.9969439938564657,2.49e-08,4.562938345808148e-06
2.4925e-08,0.6722850698756955,2.4925e-08,-0.009762270641331292,2.4925e-08,0.4999999999999625,2.4925e-08,0.997756028321611,2.4925e-08,-0.0008854496715691889
2.495e-08,0.6285527189056612,2.495e-08,0.009395643945635346,2.495e-08,0,2.495e-08,0.9959674042975993,2.495e-08,-0.0002756743833394564
2.49579108555873e-08,0.6132036271429212,2.49579108555873e-08,0.02760008671549615,2.49579108555873e-08,0,2.49579108555873e-08,0.9982590284085147,2.49579108555873e-08,0.0001480760957963887
2.497110357509502e-08,0.5905904473738089,2.497110357509502e-08,0.05717100635250708,2.497110357509502e-08,0,2.497110357509502e-08,0.9997438780471769,2.497110357509502e-08,0.0001126008058652368
2.498155844504153e-08,0.5763569214370585,2.498155844504153e-08,0.07949480340224976,2.498155844504153e-08,0,2.498155844504153e-08,0.9998389918548776,2.498155844504153e-08,7.382005263269708e-05
2.5e-08,0.5573598759677441,2.5e-08,0.1166378678507047,2.5e-08,0,2.5e-08,0.999676070764051,2.5e-08,7.537332291670528e-05
2.503688310991694e-08,0.538256250617823,2.503688310991694e-08,0.1799554588643825,2.503688310991694e-08,0,2.503688310991694e-08,0.9998181533857859,2.503688310991694e-08,6.643568758667742e-05
2.51e-08,0.5149967356849033,2.51e-08,0.2754435348873523,2.51e-08,0,2.51e-08,0.9999113244362029,2.51e-08,4.680948698230385e-05
2.516143885179581e-08,0.5081143449682533,2.516143885179581e-08,0.3435585626832641,2.516143885179581e-08,0,2.516143885179581e-08,0.9999337598087316,2.516143885179581e-08,4.105897714979216e-05
2.519215827769371e-08,0.5049601835496934,2.519215827769371e-08,0.3747742049189849,2.519215827769371e-08,0,2.519215827769371e-08,0.9999397573592828,2.519215827769371e-08,3.376721485258933e-05
2.525359712948952e-08,0.5010115234587786,2.525359712948952e-08,0.4244001693808087,2.525359712948952e-08,0,2.525359712948952e-08,0.9999528532851537,2.525359712948952e-08,2.538100186959918e-05
2.537647483308112e-08,0.4982918963746662,2.537647483308112e-08,0.4780572734397818,2.537647483308112e-08,0,2.537647483308112e-08,0.999962414036773,2.537647483308112e-08,1.068949095030429e-05
2.543650217797867e-08,0.4978623041606337,2.543650217797867e-08,0.4888475495216908,2.543650217797867e-08,0,2.543650217797867e-08,0.9999631792815254,2.543650217797867e-08,7.158351148164308e-06
2.555655686777376e-08,0.4976890069904255,2.555655686777376e-08,0.49581965166984,2.555655686777376e-08,0,2.555655686777376e-08,0.9999635369442481,2.555655686777376e-08,4.887976461063327e-06
2.560362840727779e-08,0.4976659084761718,2.560362840727779e-08,0.4967906930713115,2.560362840727779e-08,0,2.560362840727779e-08,0.9999636894277794,2.560362840727779e-08,4.527698557606739e-06
2.569777148628585e-08,0.4976520749858145,2.569777148628585e-08,0.4973776800824628,2.569777148628585e-08,0,2.569777148628585e-08,0.9999637586745906,2.569777148628585e-08,4.282891170196657e-06
2.588605764430197e-08,0.4976436781856238,2.588605764430197e-08,0.4977746513898672,2.588605764430197e-08,0,2.588605764430197e-08,0.9999637782648497,2.588605764430197e-08,4.190224399078238e-06
2.626262996033421e-08,0.4976465051308614,2.626262996033421e-08,0.4975926392745758,2.626262996033421e-08,0,2.626262996033421e-08,0.9999637643162362,2.626262996033421e-08,4.200084474351319e-06
2.683131498016711e-08,0.4976462443829608,2.683131498016711e-08,0.49762651723513,2.683131498016711e-08,0,2.683131498016711e-08,0.9999637677778531,2.683131498016711e-08,4.222047298884971e-06
2.74e-08,0.497645510297384,2.74e-08,0.4976359850677486,2.74e-08,0,2.74e-08,0.9999637697442001,2.74e-08,4.199148178601959e-06
2.74125e-08,0.5038516201862129,2.74125e-08,0.5030771887318976,2.74125e-08,0.2500000000000601,2.74125e-08,1.002804813168245,2.74125e-08,0.000497322620745324
2.743125e-08,0.5115748607247862,2.743125e-08,0.4333845579259214,2.743125e-08,0.6250000000000883,2.743125e-08,1.003287538131466,2.743125e-08,0.009517455205617817
2.745e-08,0.5681908146968951,2.745e-08,0.1874813069970664,2.745e-08,1,2.745e-08,0.9851675385914161,2.745e-08,0.01966499329069237
2.745834403201663e-08,0.5906099849594302,2.745834403201663e-08,0.0922190139362337,2.745834403201663e-08,1,2.745834403201663e-08,0.9818272972661207,2.745834403201663e-08,0.01204095968611742
2.746978211983173e-08,0.6160475123613509,2.746978211983173e-08,0.01632954449287149,2.746978211983173e-08,1,2.746978211983173e-08,0.9831651554398319,2.746978211983173e-08,0.002814520653377246
2.747877489338452e-08,0.6305710339860106,2.747877489338452e-08,-0.001103903249732646,2.747877489338452e-08,1,2.747877489338452e-08,0.9872422133671924,2.747877489338452e-08,0.0001395772010809688
2.749676044049011e-08,0.6502399468426215,2.749676044049011e-08,0.0001159727731456832,2.749676044049011e-08,1,2.749676044049011e-08,0.993026886171768,2.749676044049011e-08,-2.265694405612033e-05
2.751252990386064e-08,0.6618289235735951,2.751252990386064e-08,0.0003532835553408796,2.751252990386064e-08,1,2.751252990386064e-08,0.9946005863992629,2.751252990386064e-08,7.506900089023177e-06
2.753632102087847e-08,0.6726372741620317,2.753632102087847e-08,-6.573301276311511e-05,2.753632102087847e-08,1,2.753632102087847e-08,0.9953941580000781,2.753632102087847e-08,5.286215625181372e-05
2.758390325491413e-08,0.6840953675431537,2.758390325491413e-08,-5.071050349918487e-05,2.758390325491413e-08,1,2.758390325491413e-08,0.9967134931591828,2.758390325491413e-08,3.648116387599187e-06
2.766383205125247e-08,0.6880652144829962,2.766383205125247e-08,2.255853305918858e-05,2.766383205125247e-08,1,2.766383205125247e-08,0.9970586241786549,2.766383205125247e-08,6.150792998387239e-06
2.777900810703888e-08,0.6888178421072038,2.777900810703888e-08,1.01178058990103e-05,2.777900810703888e-08,1,2.777900810703888e-08,0.9970101496798582,2.777900810703888e-08,4.326009693127049e-06
2.794492158341476e-08,0.6880319604318316,2.794492158341476e-08,2.530621966079813e-06,2.794492158341476e-08,1,2.794492158341476e-08,0.9969836756523105,2.794492158341476e-08,4.83233264403356e-06
2.824966584385414e-08,0.6881085178308562,2.824966584385414e-08,5.76322956275679e-06,2.824966584385414e-08,1,2.824966584385414e-08,0.9969908840351249,2.824966584385414e-08,4.590745870923811e-06
2.885915436473289e-08,0.6882999175250666,2.885915436473289e-08,6.246879369570767e-06,2.885915436473289e-08,1,2.885915436473289e-08,0.9969410495936047,2.885915436473289e-08,4.519766239022856e-06
2.937957718236644e-08,0.6881226671724547,2.937957718236644e-08,6.069622587753286e-06,2.937957718236644e-08,1,2.937957718236644e-08,0.99694692850192,2.937957718236644e-08,4.604120138700581e-06
2.99e-08,0.6880740126040915,2.99e-08,6.017644964138938e-06,2.99e-08,1,2.99e-08,0.9969439938564656,2.99e-08,4.562938345757486e-06
2.9925e-08,0.6722850698756976,2.9925e-08,-0.009762270641324454,2.9925e-08,0.5000000000000948,2.9925e-08,0.9977560283216115,2.9925e-08,-0.0008854496715691185
2.994999999999999e-08,0.6285527189056846,2.994999999999999e-08,0.009395643945591343,2.994999999999999e-08,1.896260926059767e-13,2.994999999999999e-08,0.9959674042976003,2.994999999999999e-08,-0.00027567438333984
2.995791085558729e-08,0.6132036271429371,2.995791085558729e-08,0.02760008671544849,2.995791085558729e-08,0,2.995791085558729e-08,0.9982590284085121,2.995791085558729e-08,0.000148076095795941
2.997110357509502e-08,0.5905904473738166,2.997110357509502e-08,0.05717100635246969,2.997110357509502e-08,0,2.997110357509502e-08,0.9997438780471767,2.997110357509502e-08,0.0001126008058657747
2.998155844504154e-08,0.5763569214370527,2.998155844504154e-08,0.07949480340223571,2.998155844504154e-08,0,2.998155844504154e-08,0.9998389918548772,2.998155844504154e-08,7.382005263267301e-05
3e-08,0.5573598759677465,3e-08,0.1166378678506791,3e-08,0,3e-08,0.9996760707640516,3e-08,7.537332291673266e-05
3.003688310991693e-08,0.5382562506178264,3.003688310991693e-08,0.1799554588643411,3.003688310991693e-08,0,3.003688310991693e-08,0.9998181533857859,3.003688310991693e-08,6.643568758669758e-05
3.01e-08,0.5149967356849007,3.01e-08,0.2754435348873375,3.01e-08,0,3.01e-08,0.9999113244362029,3.01e-08,4.680948698233138e-05
3.016143885179582e-08,0.5081143449682459,3.016143885179582e-08,0.3435585626832647,3.016143885179582e-08,0,3.016143885179582e-08,0.9999337598087314,3.016143885179582e-08,4.105897714976839e-05
3.019215827769373e-08,0.5049601835496883,3.019215827769373e-08,0.3747742049189915,3.019215827769373e-08,0,3.019215827769373e-08,0.9999397573592832,3.019215827769373e-08,3.376721485263216e-05
3.025359712948955e-08,0.5010115234587765,3.025359712948955e-08,0.4244001693808221,3.025359712948955e-08,0,3.025359712948955e-08,0.9999528532851542,3.025359712948955e-08,2.538100186956054e-05
3.037647483308118e-08,0.4982918963746655,3.037647483308118e-08,0.4780572734397939,3.037647483308118e-08,0,3.037647483308118e-08,0.9999624140367727,3.037647483308118e-08,1.068949095027434e-05
3.043650217797872e-08,0.4978623041606335,3.043650217797872e-08,0.4888475495216968,3.043650217797872e-08,0,3.043650217797872e-08,0.9999631792815253,3.043650217797872e-08,7.158351148214886e-06
3.055655686777381e-08,0.4976890069904256,3.055655686777381e-08,0.495819651669841,3.055655686777381e-08,0,3.055655686777381e-08,0.9999635369442481,3.055655686777381e-08,4.887976461029689e-06
3.060362840727784e-08,0.4976659084761717,3.060362840727784e-08,0.4967906930713117,3.060362840727784e-08,0,3.060362840727784e-08,0.9999636894277796,3.060362840727784e-08,4.527698557677462e-06
3.06977714862859e-08,0.4976520749858145,3.06977714862859e-08,0.4973776800824628,3.06977714862859e-08,0,3.06977714862859e-08,0.9999637586745904,3.06977714862859e-08,4.282891170132889e-06
3.088605764430202e-08,0.4976436781856238,3.088605764430202e-08,0.4977746513898672,3.088605764430202e-08,0,3.088605764430202e-08,0.9999637782648497,3.088605764430202e-08,4.190224399058502e-06
3.126262996033426e-08,0.4976465051308615,3.126262996033426e-08,0.4975926392745759,3.126262996033426e-08,0,3.126262996033426e-08,0.9999637643162362,3.126262996033426e-08,4.200084474366583e-06
3.183131498016713e-08,0.4976462443829611,3.183131498016713e-08,0.4976265172351295,3.183131498016713e-08,0,3.183131498016713e-08,0.9999637677778531,3.183131498016713e-08,4.222047298886373e-06
3.24e-08,0.4976455102973839,3.24e-08,0.4976359850677488,3.24e-08,0,3.24e-08,0.9999637697442001,3.24e-08,4.199148178568739e-06
3.24125e-08,0.5038516201862094,3.24125e-08,0.5030771887318976,3.24125e-08,0.2499999999999278,3.24125e-08,1.002804813168244,3.24125e-08,0.0004973226207448226
3.243125e-08,0.5115748607247816,3.243125e-08,0.4333845579259745,3.243125e-08,0.6249999999999559,3.243125e-08,1.003287538131466,3.243125e-08,0.00951745520561232
3.245e-08,0.568190814696849,3.245e-08,0.1874813069971598,3.245e-08,0.9999999999998518,3.245e-08,0.9851675385914312,3.245e-08,0.01966499329069389
3.245834403201663e-08,0.5906099849593992,3.245834403201663e-08,0.09221901393629253,3.245834403201663e-08,1,3.245834403201663e-08,0.9818272972661223,3.245834403201663e-08,0.0120409596861226
3.246978211983173e-08,0.6160475123613313,3.246978211983173e-08,0.01632954449288576,3.246978211983173e-08,1,3.246978211983173e-08,0.9831651554398235,3.246978211983173e-08,0.0028145206533805
3.247877489338453e-08,0.6305710339860057,3.247877489338453e-08,-0.001103903249740526,3.247877489338453e-08,1,3.247877489338453e-08,0.9872422133671889,3.247877489338453e-08,0.0001395772010803157
3.249676044049013e-08,0.6502399468426301,3.249676044049013e-08,0.0001159727731450473,3.249676044049013e-08,1,3.249676044049013e-08,0.99302688617177,3.249676044049013e-08,-2.265694405629982e-05
3.251252990386065e-08,0.6618289235735998,3.251252990386065e-08,0.0003532835553414632,3.251252990386065e-08,1,3.251252990386065e-08,0.9946005863992649,3.251252990386065e-08,7.506900089131028e-06
3.253632102087849e-08,0.6726372741620364,3.253632102087849e-08,-6.573301276394453e-05,3.253632102087849e-08,1,3.253632102087849e-08,0.9953941580000779,3.253632102087849e-08,5.286215625165607e-05
3.258390325491416e-08,0.6840953675431594,3.258390325491416e-08,-5.071050350019838e-05,3.258390325491416e-08,1,3.258390325491416e-08,0.9967134931591831,3.258390325491416e-08,3.648116387439674e-06
3.266383205125249e-08,0.6880652144829948,3.266383205125249e-08,2.255853305986382e-05,3.266383205125249e-08,1,3.266383205125249e-08,0.9970586241786545,3.266383205125249e-08,6.150792998472891e-06
3.277900810703894e-08,0.688817842107202,3.277900810703894e-08,1.011780589912118e-05,3.277900810703894e-08,1,3.277900810703894e-08,0.9970101496798581,3.277900810703894e-08,4.326009693152025e-06
3.294492158341481e-08,0.6880319604318307,3.294492158341481e-08,2.530621966262284e-06,3.294492158341481e-08,1,3.294492158341481e-08,0.9969836756523103,3.294492158341481e-08,4.832332644082144e-06
3.324966584385438e-08,0.6881085178308566,3.324966584385438e-08,5.763229562796995e-06,3.324966584385438e-08,1,3.324966584385438e-08,0.9969908840351249,3.324966584385438e-08,4.590745871014801e-06
3.385915436473353e-08,0.688299917525067,3.385915436473353e-08,6.24687936955529e-06,3.385915436473353e-08,1,3.385915436473353e-08,0.9969410495936049,3.385915436473353e-08,4.519766238982606e-06
3.437957718236677e-08,0.6881226671724546,3.437957718236677e-08,6.069622587661371e-06,3.437957718236677e-08,1,3.437957718236677e-08,0.9969469285019199,3.437957718236677e-08,4.604120138670196e-06
3.49e-08,0.6880740126040915,3.49e-08,6.017644964349935e-06,3.49e-08,1,3.49e-08,0.9969439938564657,3.49e-08,4.562938345906691e-06
3.4925e-08,0.6722850698756953,3.4925e-08,-0.009762270641331207,3.4925e-08,0.4999999999999625,3.4925e-08,0.997756028321611,3.4925e-08,-0.0008854496715691764
3.495e-08,0.6285527189056692,3.495e-08,0.009395643945617437,3.495e-08,5.728750807065808e-14,3.495e-08,0.9959674042975996,3.495e-08,-0.0002756743833395277
3.49579108555873e-08,0.6132036271429265,3.49579108555873e-08,0.02760008671547711,3.49579108555873e-08,0,3.49579108555873e-08,0.9982590284085135,3.49579108555873e-08,0.0001480760957962558
3.497110357509502e-08,0.5905904473738184,3.497110357509502e-08,0.05717100635248147,3.497110357509502e-08,0,3.497110357509502e-08,0.9997438780471769,3.497110357509502e-08,0.0001126008058654163
3.498155844504153e-08,0.5763569214370626,3.498155844504153e-08,0.07949480340223229,3.498155844504153e-08,0,3.498155844504153e-08,0.9998389918548777,3.498155844504153e-08,7.382005263266043e-05
3.500000000000001e-08,0.5573598759677406,3.500000000000001e-08,0.1166378678507014,3.500000000000001e-08,0,3.500000000000001e-08,0.9996760707640514,3.500000000000001e-08,7.537332291669612e-05
3.503688310991696e-08,0.5382562506178161,3.503688310991696e-08,0.1799554588643978,3.503688310991696e-08,0,3.503688310991696e-08,0.9998181533857859,3.503688310991696e-08,6.643568758665869e-05
3.510000000000001e-08,0.5149967356849039,3.510000000000001e-08,0.2754435348873463,3.510000000000001e-08,0,3.510000000000001e-08,0.9999113244362029,3.510000000000001e-08,4.680948698231455e-05
3.516143885179581e-08,0.5081143449682473,3.516143885179581e-08,0.3435585626832408,3.516143885179581e-08,0,3.516143885179581e-08,0.9999337598087316,3.516143885179581e-08,4.105897714975577e-05
3.519215827769372e-08,0.5049601835496891,3.519215827769372e-08,0.3747742049189646,3.519215827769372e-08,0,3.519215827769372e-08,0.9999397573592829,3.519215827769372e-08,3.376721485265737e-05
3.525359712948952e-08,0.5010115234587769,3.525359712948952e-08,0.4244001693807947,3.525359712948952e-08,0,3.525359712948952e-08,0.9999528532851539,3.525359712948952e-08,2.538100186960437e-05
3.537647483308113e-08,0.4982918963746658,3.537647483308113e-08,0.4780572734397768,3.537647483308113e-08,0,3.537647483308113e-08,0.9999624140367729,3.537647483308113e-08,1.06894909504296e-05
3.543650217797869e-08,0.4978623041606333,3.543650217797869e-08,0.4888475495216917,3.543650217797869e-08,0,3.543650217797869e-08,0.9999631792815253,3.543650217797869e-08,7.158351148175848e-06
3.555655686777382e-08,0.4976890069904255,3.555655686777382e-08,0.495819651669841,3.555655686777382e-08,0,3.555655686777382e-08,0.9999635369442481,3.555655686777382e-08,4.887976461018325e-06
3.560362840727785e-08,0.4976659084761719,3.560362840727785e-08,0.4967906930713116,3.560362840727785e-08,0,3.560362840727785e-08,0.9999636894277794,3.560362840727785e-08,4.527698557615007e-06
3.569777148628593e-08,0.4976520749858147,3.569777148628593e-08,0.497377680082463,3.569777148628593e-08,0,3.569777148628593e-08,0.9999637586745908,3.569777148628593e-08,4.28289117019107e-06
3.588605764430207e-08,0.4976436781856239,3.588605764430207e-08,0.497774651389867,3.588605764430207e-08,0,3.588605764430207e-08,0.9999637782648497,3.588605764430207e-08,4.190224399068111e-06
3.626262996033437e-08,0.4976465051308614,3.626262996033437e-08,0.4975926392745756,3.626262996033437e-08,0,3.626262996033437e-08,0.9999637643162362,3.626262996033437e-08,4.200084474363821e-06
3.683131498016719e-08,0.497646244382961,3.683131498016719e-08,0.4976265172351295,3.683131498016719e-08,0,3.683131498016719e-08,0.9999637677778531,3.683131498016719e-08,4.222047298932909e-06
3.74e-08,0.4976455102973839,3.74e-08,0.4976359850677488,3.74e-08,0,3.74e-08,0.9999637697442001,3.74e-08,4.199148178639012e-06
3.74125e-08,0.5038516201862093,3.74125e-08,0.5030771887318974,3.74125e-08,0.2499999999999278,3.74125e-08,1.002804813168244,3.74125e-08,0.0004973226207448832
3.743124999999999e-08,0.5115748607247779,3.743124999999999e-08,0.4333845579260495,3.743124999999999e-08,0.6249999999998236,3.743124999999999e-08,1.003287538131467,3.743124999999999e-08,0.009517455205606599
3.744999999999999e-08,0.5681908146968556,3.744999999999999e-08,0.1874813069971818,3.744999999999999e-08,0.9999999999998518,3.744999999999999e-08,0.9851675385914321,3.744999999999999e-08,0.01966499329069454
3.745834403201663e-08,0.5906099849594042,3.745834403201663e-08,0.09221901393630676,3.745834403201663e-08,1,3.745834403201663e-08,0.9818272972661234,3.745834403201663e-08,0.01204095968612341
3.746978211983173e-08,0.6160475123613468,3.746978211983173e-08,0.01632954449286279,3.746978211983173e-08,1,3.746978211983173e-08,0.9831651554398269,3.746978211983173e-08,0.00281452065337821
3.747877489338453e-08,0.6305710339860178,3.747877489338453e-08,-0.001103903249749777,3.747877489338453e-08,1,3.747877489338453e-08,0.9872422133671924,3.747877489338453e-08,0.0001395772010790849
3.749676044049013e-08,0.6502399468426372,3.749676044049013e-08,0.0001159727731451345,3.749676044049013e-08,1,3.749676044049013e-08,0.993026886171772,3.749676044049013e-08,-2.265694405636777e-05
3.751252990386066e-08,0.6618289235736088,3.751252990386066e-08,0.0003532835553428759,3.751252990386066e-08,1,3.751252990386066e-08,0.9946005863992657,3.751252990386066e-08,7.506900089265144e-06
3.75363210208785e-08,0.672637274162042,3.75363210208785e-08,-6.573301276364084e-05,3.75363210208785e-08,1,3.75363210208785e-08,0.9953941580000786,3.75363210208785e-08,5.286215625165895e-05
3.758390325491417e-08,0.6840953675431622,3.758390325491417e-08,-5.071050350092957e-05,3.758390325491417e-08,1,3.758390325491417e-08,0.9967134931591837,3.758390325491417e-08,3.648116387297237e-06
3.766383205125252e-08,0.688065214482996,3.766383205125252e-08,2.255853306038207e-05,3.766383205125252e-08,1,3.766383205125252e-08,0.9970586241786542,3.766383205125252e-08,6.150792998579034e-06
3.7779008107039e-08,0.6888178421072018,3.7779008107039e-08,1.011780589924802e-05,3.7779008107039e-08,1,3.7779008107039e-08,0.9970101496798578,3.7779008107039e-08,4.326009693154176e-06
3.794492158341489e-08,0.6880319604318308,3.794492158341489e-08,2.530621966078729e-06,3.794492158341489e-08,1,3.794492158341489e-08,0.9969836756523106,3.794492158341489e-08,4.832332644080626e-06
3.824966584385455e-08,0.6881085178308569,3.824966584385455e-08,5.763229562724463e-06,3.824966584385455e-08,1,3.824966584385455e-08,0.9969908840351249,3.824966584385455e-08,4.590745870947645e-06
3.885915436473388e-08,0.6882999175250668,3.885915436473388e-08,6.24687936966333e-06,3.885915436473388e-08,1,3.885915436473388e-08,0.9969410495936049,3.885915436473388e-08,4.519766239045009e-06
3.937957718236693e-08,0.6881226671724545,3.937957718236693e-08,6.069622587587648e-06,3.937957718236693e-08,1,3.937957718236693e-08,0.99694692850192,3.937957718236693e-08,4.604120138613773e-06
3.99e-08,0.6880740126040916,3.99e-08,6.017644964356895e-06,3.99e-08,1,3.99e-08,0.9969439938564656,3.99e-08,4.562938345924619e-06
3.9925e-08,0.6722850698756978,3.9925e-08,-0.009762270641325566,3.9925e-08,0.5000000000000948,3.9925e-08,0.9977560283216109,3.9925e-08,-0.0008854496715693734
3.995e-08,0.6285527189056648,3.995e-08,0.009395643945629389,3.995e-08,5.728750807065808e-14,3.995e-08,0.9959674042975999,3.995e-08,-0.0002756743833395518
3.99579108555873e-08,0.6132036271429225,3.99579108555873e-08,0.02760008671548896,3.99579108555873e-08,0,3.99579108555873e-08,0.9982590284085137,3.99579108555873e-08,0.0001480760957962322
3.997110357509502e-08,0.5905904473738051,3.997110357509502e-08,0.05717100635250788,3.997110357509502e-08,0,3.997110357509502e-08,0.9997438780471767,3.997110357509502e-08,0.0001126008058653714
3.998155844504154e-08,0.5763569214370518,3.998155844504154e-08,0.0794948034022578,3.998155844504154e-08,0,3.998155844504154e-08,0.9998389918548777,3.998155844504154e-08,7.382005263274142e-05
4e-08,0.5573598759677452,4e-08,0.1166378678506992,4e-08,0,4e-08,0.9996760707640515,4e-08,7.537332291674762e-05
